ORIGEN,DESTINO,PROVEEDOR,SENCILLO,FULL,TIPO DE SERVICIO ,CONTENEDOR ,VIGENCIA,MAXIMO DE CARGA,SOBRE PESO ,CONSIGNATARIO,CODIGO CW,COMODITY,PESO PERMITIDO ,VOLUMEN PERMITIDO,BURREO / LOCAL,MANIOBRAS CARGA Y DESCARGA,HORAS LIBRES CARGA Y DESCARGA,FLETE EN FALSO,ESTADIAS X CTN,PERNOCTA,LAVADO DE CONTENEDOR ,REFACTURACIÓN,ALMACENAJES X CTN X DIA
MANZANILLO,APODACA,MAMUT," $72,000.00 "," $92,000.00 ", CHASIS /PLATAFORMA ," 20""/40"" ",30 DIAS ,SENCILLO 23 TON FULL 55 TON , POR CONTENEDOR $4500 MXN ,CF MOTOS,JCR-001B/L-CFMMEXMTY,REFACCIONES PARA MOTOCICLETA,20 TON FULL 50TON,"20"" 33.11m3 /40"" 76m3",SENCILLO $4800 FULL $7000,"$1,200 POR CONTENEDOR ",12HORAS,SENCILLO $4500  FULL $5000," $4,500.00 "," $5,000.00 "," $1,800.00 ", $450.00 ,Sencillo $660 Full $750 MXN
MANZANILLO,MONTERREY,MAMUT," $60,000.00 "," $83,000.00 ", CHASIS /PLATAFORMA ," 20""/40"" ",30 DIAS ,SENCILLO 23 TON FULL 55 TON , POR CONTENEDOR $4500 MXN ,,,,20 TON FULL 50TON,"20"" 33.11m3 /40"" 76m3",SENCILLO $4800 FULL $7000,"$1,200 POR CONTENEDOR ",12HORAS,SENCILLO $4500  FULL $5000," $4,500.00 "," $5,000.00 "," $1,800.00 ", $450.00 ,Sencillo $660 Full $750 MXN
MANZANILLO,QUERETARO,MAMUT," $46,000.00 "," $63,000.00 ", CHASIS /PLATAFORMA ," 20""/40"" ",30 DIAS ,SENCILLO 23 TON FULL 55 TON , POR CONTENEDOR $4500 MXN ,VOLTAJE LATIN/CONVERGE/SINOMAN,JCR-001C/L-VOLSDENLU/CONTECLAX/SINSOLTAM,MAQUINARIA/ CABLE OPTICO/REFACCIONES,20 TON FULL 50TON,"20"" 33.11m3 /40"" 76m3",SENCILLO $4800 FULL $7000,"$1,200 POR CONTENEDOR ",12HORAS,SENCILLO $4500  FULL $5000," $4,500.00 "," $5,000.00 "," $1,800.00 ", $450.00 ,Sencillo $660 Full $750 MXN
MANZANILLO,SAN MIGUEL DE ALLENDE ,MAMUT," $55,700.00 "," $61,000.00 ", CHASIS /PLATAFORMA ," 20""/40"" ",30 DIAS ,SENCILLO 23 TON FULL 55 TON , POR CONTENEDOR $4500 MXN ,,3,CARACASAS CELULAR,20 TON FULL 50TON,"20"" 33.11m3 /40"" 76m3",SENCILLO $4800 FULL $7000,"$1,200 POR CONTENEDOR ",12HORAS,SENCILLO $4500  FULL $5000," $4,500.00 "," $5,000.00 "," $1,800.00 ", $450.00 ,Sencillo $660 Full $750 MXN
MANZANILLO,SAN LUIS POTOSI,MAMUT," $45,000.00 "," $65,000.00 ", CHASIS /PLATAFORMA ," 20""/40"" ",30 DIAS ,SENCILLO 23 TON FULL 55 TON , POR CONTENEDOR $4500 MXN ,,JCR 001A,REFACCIONES AUTOMOTRICES,20 TON FULL 50TON,"20"" 33.11m3 /40"" 76m3",SENCILLO $4800 FULL $7000,"$1,200 POR CONTENEDOR ",12HORAS,SENCILLO $4500  FULL $5000," $4,500.00 "," $5,000.00 "," $1,800.00 ", $450.00 ,Sencillo $660 Full $750 MXN
MANZANILLO,JALISCO IZTLADE LOS MEMBRILLOS,MAMUT," $30,500.00 "," $43,000.00 ", CHASIS /PLATAFORMA ," 20""/40"" ",30 DIAS ,SENCILLO 23 TON FULL 55 TON , POR CONTENEDOR $4500 MXN ,YUTO,3,,20 TON FULL 50TON,"20"" 33.11m3 /40"" 76m3",SENCILLO $4800 FULL $7000,"$1,200 POR CONTENEDOR ",12HORAS,SENCILLO $4500  FULL $5000," $4,500.00 "," $5,000.00 "," $1,800.00 ", $450.00 ,Sencillo $660 Full $750 MXN
MANZANILLO,JALISCO OCOTLAN,MAMUT," $33,600.00 "," $44,100.00 ", CHASIS /PLATAFORMA ," 20""/40"" ",30 DIAS ,SENCILLO 23 TON FULL 55 TON , POR CONTENEDOR $4500 MXN ,,,,20 TON FULL 50TON,"20"" 33.11m3 /40"" 76m3",SENCILLO $4800 FULL $7000,"$1,200 POR CONTENEDOR ",12HORAS,SENCILLO $4500  FULL $5000," $4,500.00 "," $5,000.00 "," $1,800.00 ", $450.00 ,Sencillo $660 Full $750 MXN
MANZANILLO,JALISCO TLAJOMULCO,MAMUT," $30,500.00 "," $42,000.00 ", CHASIS /PLATAFORMA ," 20""/40"" ",30 DIAS ,SENCILLO 23 TON FULL 55 TON , POR CONTENEDOR $4500 MXN ,,,,20 TON FULL 50TON,"20"" 33.11m3 /40"" 76m3",SENCILLO $4800 FULL $7000,"$1,200 POR CONTENEDOR ",12HORAS,SENCILLO $4500  FULL $5000," $4,500.00 "," $5,000.00 "," $1,800.00 ", $450.00 ,Sencillo $660 Full $750 MXN
MANZANILLO,GUADALAJARA,MAMUT," $30,500.00 "," $42,000.00 ", CHASIS /PLATAFORMA ," 20""/40"" ",30 DIAS ,SENCILLO 23 TON FULL 55 TON , POR CONTENEDOR $4500 MXN ,,,,20 TON FULL 50TON,"20"" 33.11m3 /40"" 76m3",SENCILLO $4800 FULL $7000,"$1,200 POR CONTENEDOR ",12HORAS,SENCILLO $4500  FULL $5000," $4,500.00 "," $5,000.00 "," $1,800.00 ", $450.00 ,Sencillo $660 Full $750 MXN
MANZANILLO,ZAPOPAN ,MAMUT," $30,500.00 "," $42,000.00 ", CHASIS /PLATAFORMA ," 20""/40"" ",30 DIAS ,SENCILLO 23 TON FULL 55 TON , POR CONTENEDOR $4500 MXN ,,,,20 TON FULL 50TON,"20"" 33.11m3 /40"" 76m3",SENCILLO $4800 FULL $7000,"$1,200 POR CONTENEDOR ",12HORAS,SENCILLO $4500  FULL $5000," $4,500.00 "," $5,000.00 "," $1,800.00 ", $450.00 ,Sencillo $660 Full $750 MXN
MANZANILLO,PUEBLA ,MAMUT," $63,000.00 "," $85,000.00 ", CHASIS /PLATAFORMA ," 20""/40"" ",30 DIAS ,SENCILLO 23 TON FULL 55 TON , POR CONTENEDOR $4500 MXN ,FYSAM MEXICO,JCR 001 I/L-FYSAUTZLO,PARABRISAS,20 TON FULL 50TON,"20"" 33.11m3 /40"" 76m3",SENCILLO $4800 FULL $7000,"$1,200 POR CONTENEDOR ",12HORAS,SENCILLO $4500  FULL $5000," $4,500.00 "," $5,000.00 "," $1,800.00 ", $450.00 ,Sencillo $660 Full $750 MXN
MANZANILLO,TORREON,MAMUT," $67,500.00 "," $88,500.00 ", CHASIS /PLATAFORMA ," 20""/40"" ",30 DIAS ,SENCILLO 23 TON FULL 55 TON , POR CONTENEDOR $4500 MXN ,,,,20 TON FULL 50TON,"20"" 33.11m3 /40"" 76m3",SENCILLO $4800 FULL $7000,"$1,200 POR CONTENEDOR ",12HORAS,SENCILLO $4500  FULL $5000," $4,500.00 "," $5,000.00 "," $1,800.00 ", $450.00 ,Sencillo $660 Full $750 MXN
MANZANILLO,SALTILLO,MAMUT," $64,500.00 "," $88,500.00 ", CHASIS /PLATAFORMA ," 20""/40"" ",30 DIAS ,SENCILLO 23 TON FULL 55 TON , POR CONTENEDOR $4500 MXN ,,1,REFACCIONES AUTOMOTRICES,20 TON FULL 50TON,"20"" 33.11m3 /40"" 76m3",SENCILLO $4800 FULL $7000,"$1,200 POR CONTENEDOR ",12HORAS,SENCILLO $4500  FULL $5000," $4,500.00 "," $5,000.00 "," $1,800.00 ", $450.00 ,Sencillo $660 Full $750 MXN
MANZANILLO,LEON/SILAO /IRAPUATO,MAMUT," $43,000.00 "," $65,000.00 ", CHASIS /PLATAFORMA ," 20""/40"" ",30 DIAS ,SENCILLO 23 TON FULL 55 TON , POR CONTENEDOR $4500 MXN ,,2,REFACCIONES AUTOMOTRICES,20 TON FULL 50TON,"20"" 33.11m3 /40"" 76m3",SENCILLO $4800 FULL $7000,"$1,200 POR CONTENEDOR ",12HORAS,SENCILLO $4500  FULL $5000," $4,500.00 "," $5,000.00 "," $1,800.00 ", $450.00 ,Sencillo $660 Full $750 MXN
MANZANILLO,AGUASCALIENTES,MAMUT," $45,000.00 "," $65,000.00 ", CHASIS /PLATAFORMA ," 20""/40"" ",30 DIAS ,SENCILLO 23 TON FULL 55 TON , POR CONTENEDOR $4500 MXN ,,4,REFACCIONES AUTOMOTRICES,20 TON FULL 50TON,"20"" 33.11m3 /40"" 76m3",SENCILLO $4800 FULL $7000,"$1,200 POR CONTENEDOR ",12HORAS,SENCILLO $4500  FULL $5000," $4,500.00 "," $5,000.00 "," $1,800.00 ", $450.00 ,Sencillo $660 Full $750 MXN
MANZANILLO,TIJUANA,MAMUT," $181,650.00 "," $243,600.00 ", CHASIS /PLATAFORMA ," 20""/40"" ",30 DIAS ,SENCILLO 23 TON FULL 55 TON , POR CONTENEDOR $4500 MXN ,,,,20 TON FULL 50TON,"20"" 33.11m3 /40"" 76m3",SENCILLO $4800 FULL $7000,"$1,200 POR CONTENEDOR ",12HORAS,SENCILLO $4500  FULL $5000," $4,500.00 "," $5,000.00 "," $1,800.00 ", $450.00 ,Sencillo $660 Full $750 MXN
MANZANILLO,HERMOSILLO,MAMUT," $118,650.00 "," $158,550.00 ", CHASIS /PLATAFORMA ," 20""/40"" ",30 DIAS ,SENCILLO 23 TON FULL 55 TON , POR CONTENEDOR $4500 MXN ,,,,20 TON FULL 50TON,"20"" 33.11m3 /40"" 76m3",SENCILLO $4800 FULL $7000,"$1,200 POR CONTENEDOR ",12HORAS,SENCILLO $4500  FULL $5000," $4,500.00 "," $5,000.00 "," $1,800.00 ", $450.00 ,Sencillo $660 Full $750 MXN
MANZANILLO,LA PAZ,MAMUT," $207,900.00 "," $273,000.00 ", CHASIS /PLATAFORMA ," 20""/40"" ",30 DIAS ,SENCILLO 23 TON FULL 55 TON , POR CONTENEDOR $4500 MXN ,,,,20 TON FULL 50TON,"20"" 33.11m3 /40"" 76m3",SENCILLO $4800 FULL $7000,"$1,200 POR CONTENEDOR ",12HORAS,SENCILLO $4500  FULL $5000," $4,500.00 "," $5,000.00 "," $1,800.00 ", $450.00 ,Sencillo $660 Full $750 MXN
MANZANILLO,CHIHUAHUA,MAMUT," $111,300.00 "," $152,250.00 ", CHASIS /PLATAFORMA ," 20""/40"" ",30 DIAS ,SENCILLO 23 TON FULL 55 TON , POR CONTENEDOR $4500 MXN ,,,,20 TON FULL 50TON,"20"" 33.11m3 /40"" 76m3",SENCILLO $4800 FULL $7000,"$1,200 POR CONTENEDOR ",12HORAS,SENCILLO $4500  FULL $5000," $4,500.00 "," $5,000.00 "," $1,800.00 ", $450.00 ,Sencillo $660 Full $750 MXN
MANZANILLO,TLAXCALA,MAMUT," $66,150.00 "," $88,500.00 ", CHASIS /PLATAFORMA ," 20""/40"" ",30 DIAS ,SENCILLO 23 TON FULL 55 TON , POR CONTENEDOR $4500 MXN ,,,,20 TON FULL 50TON,"20"" 33.11m3 /40"" 76m3",SENCILLO $4800 FULL $7000,"$1,200 POR CONTENEDOR ",12HORAS,SENCILLO $4500  FULL $5000," $4,500.00 "," $5,000.00 "," $1,800.00 ", $450.00 ,Sencillo $660 Full $750 MXN
MANZANILLO,MERIDA,MAMUT," $154,350.00 "," $202,650.00 ", CHASIS /PLATAFORMA ," 20""/40"" ",30 DIAS ,SENCILLO 23 TON FULL 55 TON , POR CONTENEDOR $4500 MXN ,,,,20 TON FULL 50TON,"20"" 33.11m3 /40"" 76m3",SENCILLO $4800 FULL $7000,"$1,200 POR CONTENEDOR ",12HORAS,SENCILLO $4500  FULL $5000," $4,500.00 "," $5,000.00 "," $1,800.00 ", $450.00 ,Sencillo $660 Full $750 MXN
MANZANILLO,VILLA HERMOSA,MAMUT," $116,550.00 "," $157,500.00 ", CHASIS /PLATAFORMA ," 20""/40"" ",30 DIAS ,SENCILLO 23 TON FULL 55 TON , POR CONTENEDOR $4500 MXN ,,,,20 TON FULL 50TON,"20"" 33.11m3 /40"" 76m3",SENCILLO $4800 FULL $7000,"$1,200 POR CONTENEDOR ",12HORAS,SENCILLO $4500  FULL $5000," $4,500.00 "," $5,000.00 "," $1,800.00 ", $450.00 ,Sencillo $660 Full $750 MXN
MANZANILLO,PANTACO ,MAMUT," $62,000.00 "," $87,000.00 ", CHASIS /PLATAFORMA ," 20""/40"" ",30 DIAS ,SENCILLO 23 TON FULL 55 TON , POR CONTENEDOR $4500 MXN ,,,,20 TON FULL 50TON,"20"" 33.11m3 /40"" 76m3",SENCILLO $4800 FULL $7000,"$1,200 POR CONTENEDOR ",12HORAS,SENCILLO $4500  FULL $5000," $4,500.00 "," $5,000.00 "," $1,800.00 ", $450.00 ,Sencillo $660 Full $750 MXN
MANZANILLO,CUATITLAN IZACALI,MAMUT," $55,000.00 "," $83,000.00 ", CHASIS /PLATAFORMA ," 20""/40"" ",30 DIAS ,SENCILLO 23 TON FULL 55 TON , POR CONTENEDOR $4500 MXN ,,4,CABLE OPTICO,20 TON FULL 50TON,"20"" 33.11m3 /40"" 76m3",SENCILLO $4800 FULL $7000,"$1,200 POR CONTENEDOR ",12HORAS,SENCILLO $4500  FULL $5000," $4,500.00 "," $5,000.00 "," $1,800.00 ", $450.00 ,Sencillo $660 Full $750 MXN
MANZANILLO,ECATEPEC,MAMUT," $57,800.00 "," $89,500.00 ", CHASIS /PLATAFORMA ," 20""/40"" ",30 DIAS ,SENCILLO 23 TON FULL 55 TON , POR CONTENEDOR $4500 MXN ,,,,20 TON FULL 50TON,"20"" 33.11m3 /40"" 76m3",SENCILLO $4800 FULL $7000,"$1,200 POR CONTENEDOR ",12HORAS,SENCILLO $4500  FULL $5000," $4,500.00 "," $5,000.00 "," $1,800.00 ", $450.00 ,Sencillo $660 Full $750 MXN
MANZANILLO,TLALPAN,MAMUT," $60,000.00 "," $89,500.00 ", CHASIS /PLATAFORMA ," 20""/40"" ",30 DIAS ,SENCILLO 23 TON FULL 55 TON , POR CONTENEDOR $4500 MXN ,,,,20 TON FULL 50TON,"20"" 33.11m3 /40"" 76m3",SENCILLO $4800 FULL $7000,"$1,200 POR CONTENEDOR ",12HORAS,SENCILLO $4500  FULL $5000," $4,500.00 "," $5,000.00 "," $1,800.00 ", $450.00 ,Sencillo $660 Full $750 MXN
MANZANILLO,CDMX EDOMEX,MAMUT," $60,000.00 "," $90,000.00 ", CHASIS /PLATAFORMA ," 20""/40"" ",30 DIAS ,SENCILLO 23 TON FULL 55 TON , POR CONTENEDOR $4500 MXN ,,,,20 TON FULL 50TON,"20"" 33.11m3 /40"" 76m3",SENCILLO $4800 FULL $7000,"$1,200 POR CONTENEDOR ",12HORAS,SENCILLO $4500  FULL $5000," $4,500.00 "," $5,000.00 "," $1,800.00 ", $450.00 ,Sencillo $660 Full $750 MXN
MANZANILLO,TEPEJI DEL RIO,MAMUT," $52,000.00 "," $74,000.00 ", CHASIS /PLATAFORMA ," 20""/40"" ",30 DIAS ,SENCILLO 23 TON FULL 55 TON , POR CONTENEDOR $4500 MXN ,MIWO TECHNOLOGIES,JCR-001A/ L-MIWTECZLO,MERCANCIA GENERAL,20 TON FULL 50TON,"20"" 33.11m3 /40"" 76m3",SENCILLO $4800 FULL $7000,"$1,200 POR CONTENEDOR ",12HORAS,SENCILLO $4500  FULL $5000," $4,500.00 "," $5,000.00 "," $1,800.00 ", $450.00 ,Sencillo $660 Full $750 MXN
MANZANILLO,TEPOTZOTLAN,MAMUT," $54,600.00 "," $84,000.00 ", CHASIS /PLATAFORMA ," 20""/40"" ",30 DIAS ,SENCILLO 23 TON FULL 55 TON , POR CONTENEDOR $4500 MXN ,,,,20 TON FULL 50TON,"20"" 33.11m3 /40"" 76m3",SENCILLO $4800 FULL $7000,"$1,200 POR CONTENEDOR ",12HORAS,SENCILLO $4500  FULL $5000," $4,500.00 "," $5,000.00 "," $1,800.00 ", $450.00 ,Sencillo $660 Full $750 MXN
MANZANILLO,CELAYA,MAMUT," $45,150.00 "," $67,200.00 ", CHASIS /PLATAFORMA ," 20""/40"" ",30 DIAS ,SENCILLO 23 TON FULL 55 TON , POR CONTENEDOR $4500 MXN ,,,,20 TON FULL 50TON,"20"" 33.11m3 /40"" 76m3",SENCILLO $4800 FULL $7000,"$1,200 POR CONTENEDOR ",12HORAS,SENCILLO $4500  FULL $5000," $4,500.00 "," $5,000.00 "," $1,800.00 ", $450.00 ,Sencillo $660 Full $750 MXN
MANZANILLO ,GUADALUPE NUEVO LEON ,MAMUT," $65,000.00 "," $88,000.00 ", CHASIS /PLATAFORMA ," 20""/40"" ",30 DIAS ,SENCILLO 23 TON FULL 55 TON , POR CONTENEDOR $4500 MXN ,,,,20 TON FULL 50TON,"20"" 33.11m3 /40"" 76m3",SENCILLO $4800 FULL $7000,"$1,200 POR CONTENEDOR ",12HORAS,SENCILLO $4500  FULL $5000," $4,500.00 "," $5,000.00 "," $1,800.00 ", $450.00 ,Sencillo $660 Full $750 MXN
MANZANILLO,SALINAS VICTORIA ,MAMUT," $63,000.00 "," $85,000.00 ", CHASIS /PLATAFORMA ," 20""/40"" ",30 DIAS ,SENCILLO 23 TON FULL 55 TON , POR CONTENEDOR $4500 MXN ,,,,20 TON FULL 50TON,"20"" 33.11m3 /40"" 76m3",SENCILLO $4800 FULL $7000,"$1,200 POR CONTENEDOR ",12HORAS,SENCILLO $4500  FULL $5000," $4,500.00 "," $5,000.00 "," $1,800.00 ", $450.00 ,Sencillo $660 Full $750 MXN
MANZANILLO,APODACA,HALJIM," $66,000.00 "," $90,000.00 ", CHASIS /PLATAFORMA ," 20""/40"" ",30 DIAS ,SENCILLO 23 TON FULL 55 TON , POR CONTENEDOR $4500 MXN ,CF MOTOS,JCR-001B/L-CFMMEXMTY,REFACCIONES PARA MOTOCICLETA,20 TON FULL 50TON,"20"" 33.11m3 /40"" 76m3",SENCILLO $4800 FULL $7000,"$1,200 POR CONTENEDOR ",12HORAS,SENCILLO $4500  FULL $5000," $4,500.00 "," $5,000.00 "," $1,800.00 ", $450.00 ,Sencillo $660 Full $750 MXN
MANZANILLO,QUERETARO,HALJIM," $49,000.00 "," $67,000.00 ", CHASIS /PLATAFORMA ," 20""/40"" ",30 DIAS ,SENCILLO 23 TON FULL 55 TON , POR CONTENEDOR $4500 MXN ,VOLTAJE LATIN/CONVERGE/SINOMAN,JCR-001C/L-VOLSDENLU/CONTECLAX/SINSOLTAM,MAQUINARIA/ CABLE OPTICO/REFACCIONES,20 TON FULL 50TON,"20"" 33.11m3 /40"" 76m3",SENCILLO $4800 FULL $7000,"$1,200 POR CONTENEDOR ",12HORAS,SENCILLO $4500  FULL $5000," $4,500.00 "," $5,000.00 "," $1,800.00 ", $450.00 ,Sencillo $660 Full $750 MXN
MANZANILLO ,CIUDAD ACUÑA COAH,HALJIM," $99,000.00 "," $140,000.00 ", CHASIS /PLATAFORMA ," 20""/40"" ",30 DIAS ,SENCILLO 23 TON FULL 55 TON , POR CONTENEDOR $4500 MXN ,,,,,,,,,,,,,,
MANZANILLO,SAN LUIS POTOSI,HALJIM," $45,000.00 "," $63,000.00 ", CHASIS /PLATAFORMA ," 20""/40"" ",30 DIAS ,SENCILLO 23 TON FULL 55 TON , POR CONTENEDOR $4500 MXN ,GESTAMP,JCR 001B,,20 TON FULL 50TON,"20"" 33.11m3 /40"" 76m3",SENCILLO $4800 FULL $7000,"$1,200 POR CONTENEDOR ",12HORAS,SENCILLO $4500  FULL $5000," $4,500.00 "," $5,000.00 "," $1,800.00 ", $450.00 ,Sencillo $660 Full $750 MXN
MANZANILLO,JALISCO/GUADALAJARA/ ZAPOPAN,HALJIM," $29,000.00 "," $43,000.00 ", CHASIS /PLATAFORMA ," 20""/40"" ",30 DIAS ,SENCILLO 23 TON FULL 55 TON , POR CONTENEDOR $4500 MXN ,,,,20 TON FULL 50TON,"20"" 33.11m3 /40"" 76m3",SENCILLO $4800 FULL $7000,"$1,200 POR CONTENEDOR ",12HORAS,SENCILLO $4500  FULL $5000," $4,500.00 "," $5,000.00 "," $1,800.00 ", $450.00 ,Sencillo $660 Full $750 MXN
MANZANILLO,LAGOS DE MORENO JALISCO,HALJIM," $37,000.00 "," $58,000.00 ", CHASIS /PLATAFORMA ," 20""/40"" ",30 DIAS ,SENCILLO 23 TON FULL 55 TON , POR CONTENEDOR $4500 MXN ,,,,20 TON FULL 50TON,"20"" 33.11m3 /40"" 76m3",SENCILLO $4800 FULL $7000,"$1,200 POR CONTENEDOR ",12HORAS,SENCILLO $4500  FULL $5000," $4,500.00 "," $5,000.00 "," $1,800.00 ", $450.00 ,Sencillo $660 Full $750 MXN
MANZANILLO,PUEBLA,HALJIM," $63,000.00 "," $90,000.00 ", CHASIS /PLATAFORMA ," 20""/40"" ",30 DIAS ,SENCILLO 23 TON FULL 55 TON , POR CONTENEDOR $4500 MXN ,FYSAM MEXICO,JCR 001 I/L-FYSAUTZLO,,20 TON FULL 50TON,"20"" 33.11m3 /40"" 76m3",SENCILLO $4800 FULL $7000,"$1,200 POR CONTENEDOR ",12HORAS,SENCILLO $4500  FULL $5000," $4,500.00 "," $5,000.00 "," $1,800.00 ", $450.00 ,Sencillo $660 Full $750 MXN
MANZANILLO,TEPEJI DEL RIO,HALJIM," $51,000.00 "," $74,000.00 ", CHASIS /PLATAFORMA ," 20""/40"" ",30 DIAS ,SENCILLO 23 TON FULL 55 TON , POR CONTENEDOR $4500 MXN ,MIWO TECHNOLOGIES,JCR-001A/ L-MIWTECZLO,MERCANCIA GENERAL,20 TON FULL 50TON,"20"" 33.11m3 /40"" 76m3",SENCILLO $4800 FULL $7000,"$1,200 POR CONTENEDOR ",12HORAS,SENCILLO $4500  FULL $5000," $4,500.00 "," $5,000.00 "," $1,800.00 ", $450.00 ,Sencillo $660 Full $750 MXN
MANZANILLO,TORREON,HALJIM," $63,000.00 "," $89,000.00 ", CHASIS /PLATAFORMA ," 20""/40"" ",30 DIAS ,SENCILLO 23 TON FULL 55 TON , POR CONTENEDOR $4500 MXN ,,,,20 TON FULL 50TON,"20"" 33.11m3 /40"" 76m3",SENCILLO $4800 FULL $7000,"$1,200 POR CONTENEDOR ",12HORAS,SENCILLO $4500  FULL $5000," $4,500.00 "," $5,000.00 "," $1,800.00 ", $450.00 ,Sencillo $660 Full $750 MXN
MANZANILLO,SALTILLO,HALJIM," $63,000.00 "," $88,000.00 ", CHASIS /PLATAFORMA ," 20""/40"" ",30 DIAS ,SENCILLO 23 TON FULL 55 TON , POR CONTENEDOR $4500 MXN ,,,,20 TON FULL 50TON,"20"" 33.11m3 /40"" 76m3",SENCILLO $4800 FULL $7000,"$1,200 POR CONTENEDOR ",12HORAS,SENCILLO $4500  FULL $5000," $4,500.00 "," $5,000.00 "," $1,800.00 ", $450.00 ,Sencillo $660 Full $750 MXN
MANZANILLO,LEON/SILAO /IRAPUATO,HALJIM," $43,000.00 "," $63,000.00 ", CHASIS /PLATAFORMA ," 20""/40"" ",30 DIAS ,SENCILLO 23 TON FULL 55 TON , POR CONTENEDOR $4500 MXN ,,,,20 TON FULL 50TON,"20"" 33.11m3 /40"" 76m3",SENCILLO $4800 FULL $7000,"$1,200 POR CONTENEDOR ",12HORAS,SENCILLO $4500  FULL $5000," $4,500.00 "," $5,000.00 "," $1,800.00 ", $450.00 ,Sencillo $660 Full $750 MXN
MANZANILLO,GUADALUPE NUEVO LEON ,HALJIM," $66,000.00 "," $94,000.00 ", CHASIS /PLATAFORMA ," 20""/40"" ",30 DIAS ,SENCILLO 23 TON FULL 55 TON , POR CONTENEDOR $4500 MXN ,,,,20 TON FULL 50TON,"20"" 33.11m3 /40"" 76m3",SENCILLO $4800 FULL $7000,"$1,200 POR CONTENEDOR ",12HORAS,SENCILLO $4500  FULL $5000," $4,500.00 "," $5,000.00 "," $1,800.00 ", $450.00 ,Sencillo $660 Full $750 MXN
MANZANILLO,CDMX EDOMEX,HALJIM," $56,000.00 "," $83,000.00 ", CHASIS /PLATAFORMA ," 20""/40"" ",30 DIAS ,SENCILLO 23 TON FULL 55 TON , POR CONTENEDOR $4500 MXN ,CRSC,,,20 TON FULL 50TON,"20"" 33.11m3 /40"" 76m3",SENCILLO $4800 FULL $7000,"$1,200 POR CONTENEDOR ",12HORAS,SENCILLO $4500  FULL $5000," $4,500.00 "," $5,000.00 "," $1,800.00 ", $450.00 ,Sencillo $660 Full $750 MXN
MANZANILLO,SALINAS VICTORIA ,HALJIM," $63,000.00 "," $89,000.00 ", CHASIS /PLATAFORMA ," 20""/40"" ",30 DIAS ,SENCILLO 23 TON FULL 55 TON , POR CONTENEDOR $4500 MXN ,,,,20 TON FULL 50TON,"20"" 33.11m3 /40"" 76m3",SENCILLO $4800 FULL $7000,"$1,200 POR CONTENEDOR ",12HORAS,SENCILLO $4500  FULL $5000," $4,500.00 "," $5,000.00 "," $1,800.00 ", $450.00 ,Sencillo $660 Full $750 MXN
MANZANILLO ,CHIHUAHUA,HALJIM," $105,000.00 "," $140,000.00 ", CHASIS /PLATAFORMA ," 20""/40"" ",30 DIAS ,SENCILLO 23 TON FULL 55 TON , POR CONTENEDOR $4500 MXN ,,,,20 TON FULL 50TON,"20"" 33.11m3 /40"" 76m3",SENCILLO $4800 FULL $7000,"$1,200 POR CONTENEDOR ",12HORAS,SENCILLO $4500  FULL $5000," $4,500.00 "," $5,000.00 "," $1,800.00 ", $450.00 ,Sencillo $660 Full $750 MXN
MANZANILLO ,CHALCO ,HALJIM," $56,000.00 "," $83,000.00 ", CHASIS /PLATAFORMA ," 20""/40"" ",30 DIAS ,SENCILLO 23 TON FULL 55 TON , POR CONTENEDOR $4500 MXN ,,,,,,SENCILLO $4800 FULL $7000,,,,,,,,
MANZANILLO,SAN JUAN DEL RIO ,HALJIM," $48,000.00 "," $66,000.00 ", CHASIS /PLATAFORMA ," 20""/40"" ",30 DIAS ,SENCILLO 23 TON FULL 55 TON ,,,,,,,,,,,,,,,
MANZANILLO,APODACA,GUZMAN," $63,000.00 "," $93,500.00 ", CHASIS /PLATAFORMA ," 20""/40"" ",30 DIAS ,SENCILLO 23 TON FULL 55 TON , POR CONTENEDOR $4500 MXN ,,7,PARTES DE MOTOCICLETA,20 TON FULL 50TON,"20"" 33.11m3 /40"" 76m3",SENCILLO $4800 FULL $7000,"$1,200 POR CONTENEDOR ",12HORAS,SENCILLO $4500  FULL $5000," $4,500.00 "," $5,000.00 "," $1,800.00 ", $450.00 ,Sencillo $660 Full $750 MXN
MANZANILLO,QUERETARO,GUZMAN," $46,000.00 "," $73,000.00 ", CHASIS /PLATAFORMA ," 20""/40"" ",30 DIAS ,SENCILLO 23 TON FULL 55 TON , POR CONTENEDOR $4500 MXN ,VOLTAJE LATIN/CONVERGE/SINOMAN,JCR-001C/L-VOLSDENLU/CONTECLAX/SINSOLTAM,MAQUINARIA/ CABLE OPTICO/REFACCIONES,20 TON FULL 50TON,"20"" 33.11m3 /40"" 76m3",SENCILLO $4800 FULL $7000,"$1,200 POR CONTENEDOR ",12HORAS,SENCILLO $4500  FULL $5000," $4,500.00 "," $5,000.00 "," $1,800.00 ", $450.00 ,Sencillo $660 Full $750 MXN
MANZANILLO,SAN LUIS POTOSI,GUZMAN," $46,000.00 "," $73,000.00 ", CHASIS /PLATAFORMA ," 20""/40"" ",30 DIAS ,SENCILLO 23 TON FULL 55 TON , POR CONTENEDOR $4500 MXN ,GESTAMP,JCR 001A,ALUMINIO,20 TON FULL 50TON,"20"" 33.11m3 /40"" 76m3",SENCILLO $4800 FULL $7000,"$1,200 POR CONTENEDOR ",12HORAS,SENCILLO $4500  FULL $5000," $4,500.00 "," $5,000.00 "," $1,800.00 ", $450.00 ,Sencillo $660 Full $750 MXN
MANZANILLO,JALISCO/GUADALAJARA/ ZAPOPAN,GUZMAN," $28,000.00 "," $46,000.00 ", CHASIS /PLATAFORMA ," 20""/40"" ",30 DIAS ,SENCILLO 23 TON FULL 55 TON , POR CONTENEDOR $4500 MXN ,,4,,20 TON FULL 50TON,"20"" 33.11m3 /40"" 76m3",SENCILLO $4800 FULL $7000,"$1,200 POR CONTENEDOR ",12HORAS,SENCILLO $4500  FULL $5000," $4,500.00 "," $5,000.00 "," $1,800.00 ", $450.00 ,Sencillo $660 Full $750 MXN
MANZANILLO,PUEBLA,GUZMAN," $65,000.00 "," $94,000.00 ", CHASIS /PLATAFORMA ," 20""/40"" ",30 DIAS ,SENCILLO 23 TON FULL 55 TON , POR CONTENEDOR $4500 MXN ,FYSAM MEXICO,JCR 001 I/L-FYSAUTZLO,,20 TON FULL 50TON,"20"" 33.11m3 /40"" 76m3",SENCILLO $4800 FULL $7000,"$1,200 POR CONTENEDOR ",12HORAS,SENCILLO $4500  FULL $5000," $4,500.00 "," $5,000.00 "," $1,800.00 ", $450.00 ,Sencillo $660 Full $750 MXN
MANZANILLO,LEON/SILAO /IRAPUATO,GUZMAN," $43,000.00 "," $63,000.00 ", CHASIS /PLATAFORMA ," 20""/40"" ",30 DIAS ,SENCILLO 23 TON FULL 55 TON , POR CONTENEDOR $4500 MXN ,,,,20 TON FULL 50TON,"20"" 33.11m3 /40"" 76m3",SENCILLO $4800 FULL $7000,"$1,200 POR CONTENEDOR ",12HORAS,SENCILLO $4500  FULL $5000," $4,500.00 "," $5,000.00 "," $1,800.00 ", $450.00 ,Sencillo $660 Full $750 MXN
MANZANILLO,AGUASCALIENTES,GUZMAN," $43,000.00 "," $65,000.00 ", CHASIS /PLATAFORMA ," 20""/40"" ",30 DIAS ,SENCILLO 23 TON FULL 55 TON , POR CONTENEDOR $4500 MXN ,,,,20 TON FULL 50TON,"20"" 33.11m3 /40"" 76m3",SENCILLO $4800 FULL $7000,"$1,200 POR CONTENEDOR ",12HORAS,SENCILLO $4500  FULL $5000," $4,500.00 "," $5,000.00 "," $1,800.00 ", $450.00 ,Sencillo $660 Full $750 MXN
MANZANILLO,CDMX EDOMEX,GUZMAN," $56,000.00 "," $88,000.00 ", CHASIS /PLATAFORMA ," 20""/40"" ",30 DIAS ,SENCILLO 23 TON FULL 55 TON , POR CONTENEDOR $4500 MXN ,CRSC,3,CABLE OPTICO,20 TON FULL 50TON,"20"" 33.11m3 /40"" 76m3",SENCILLO $4800 FULL $7000,"$1,200 POR CONTENEDOR ",12HORAS,SENCILLO $4500  FULL $5000," $4,500.00 "," $5,000.00 "," $1,800.00 ", $450.00 ,Sencillo $660 Full $750 MXN
MANZANILLO,CELAYA,GUZMAN," $43,500.00 "," $68,000.00 ", CHASIS /PLATAFORMA ," 20""/40"" ",30 DIAS ,SENCILLO 23 TON FULL 55 TON , POR CONTENEDOR $4500 MXN ,,,,20 TON FULL 50TON,"20"" 33.11m3 /40"" 76m3",SENCILLO $4800 FULL $7000,"$1,200 POR CONTENEDOR ",12HORAS,SENCILLO $4500  FULL $5000," $4,500.00 "," $5,000.00 "," $1,800.00 ", $450.00 ,Sencillo $660 Full $750 MXN
MANZANILLO,RAMOS ARIZPE,GUZMAN," $62,000.00 "," $85,000.00 ", CHASIS /PLATAFORMA ," 20""/40"" ",30 DIAS ,SENCILLO 23 TON FULL 55 TON , POR CONTENEDOR $4500 MXN ,,,,20 TON FULL 50TON,"20"" 33.11m3 /40"" 76m3",SENCILLO $4800 FULL $7000,"$1,200 POR CONTENEDOR ",12HORAS,SENCILLO $4500  FULL $5000," $4,500.00 "," $5,000.00 "," $1,800.00 ", $450.00 ,Sencillo $660 Full $750 MXN
MANZANILLO ,CHALCO ,GUZMAN," $56,000.00 "," $83,000.00 ", CHASIS /PLATAFORMA ," 20""/40"" ",30 DIAS ,SENCILLO 23 TON FULL 55 TON , POR CONTENEDOR $4500 MXN ,,,,,,SENCILLO $4800 FULL $7000,,,,,,,,
MANZANILLO ,REYNOSA,GUZMAN," $95,000.00 "," $145,000.00 ", CHASIS /PLATAFORMA ," 20""/40"" ",30 DIAS ,SENCILLO 23 TON FULL 55 TON , POR CONTENEDOR $4500 MXN ,,,,,,SENCILLO $4800 FULL $7000,,,,,,,,
MANZANILLO,MORELOS,GUZMAN," $63,000.00 "," $84,000.00 ", CHASIS /PLATAFORMA ," 20""/40"" ",30 DIAS ,SENCILLO 23 TON FULL 55 TON , POR CONTENEDOR $4500 MXN ,,,,,,,,,,,,,,
MANZANILLO,APODACA,DAYNO," $63,000.00 "," $85,000.00 ", CHASIS /PLATAFORMA ," 20""/40"" ",30 DIAS ,SENCILLO 23 TON FULL 55 TON , POR CONTENEDOR $4500 MXN ,,,,20 TON FULL 50TON,"20"" 33.11m3 /40"" 76m3",SENCILLO $4800 FULL $7800,"$1,200 POR CONTENEDOR ",12HORAS,SENCILLO $4500  FULL $5000," $4,500.00 "," $5,000.00 "," $1,800.00 ", $450.00 ,Sencillo $660 Full $750 MXN
MANZANILLO,QUERETARO,DAYNO," $46,000.00 "," $63,000.00 ", CHASIS /PLATAFORMA ," 20""/40"" ",30 DIAS ,SENCILLO 23 TON FULL 55 TON , POR CONTENEDOR $4500 MXN ,VOLTAJE LATIN/CONVERGE/SINOMAN,JCR-001C/L-VOLSDENLU/CONTECLAX/SINSOLTAM,MAQUINARIA/ CABLE OPTICO/REFACCIONES,20 TON FULL 50TON,"20"" 33.11m3 /40"" 76m3",SENCILLO $4800 FULL $7800,"$1,200 POR CONTENEDOR ",12HORAS,SENCILLO $4500  FULL $5000," $4,500.00 "," $5,000.00 "," $1,800.00 ", $450.00 ,Sencillo $660 Full $750 MXN
MANZANILLO,SAN MIGUEL DE ALLENDE ,DAYNO," $46,000.00 "," $61,000.00 ", CHASIS /PLATAFORMA ," 20""/40"" ",30 DIAS ,SENCILLO 23 TON FULL 55 TON , POR CONTENEDOR $4500 MXN ,,,,20 TON FULL 50TON,"20"" 33.11m3 /40"" 76m3",SENCILLO $4800 FULL $7800,"$1,200 POR CONTENEDOR ",12HORAS,SENCILLO $4500  FULL $5000," $4,500.00 "," $5,000.00 "," $1,800.00 ", $450.00 ,Sencillo $660 Full $750 MXN
MANZANILLO,SAN LUIS POTOSI,DAYNO," $45,000.00 "," $63,000.00 ", CHASIS /PLATAFORMA ," 20""/40"" ",30 DIAS ,SENCILLO 23 TON FULL 55 TON , POR CONTENEDOR $4500 MXN ,GESTAMP,JCR 001B,,20 TON FULL 50TON,"20"" 33.11m3 /40"" 76m3",SENCILLO $4800 FULL $7800,"$1,200 POR CONTENEDOR ",12HORAS,SENCILLO $4500  FULL $5000," $4,500.00 "," $5,000.00 "," $1,800.00 ", $450.00 ,Sencillo $660 Full $750 MXN
MANZANILLO,JALISCO/GUADALAJARA/ ZAPOPAN,DAYNO," $29,000.00 "," $41,000.00 ", CHASIS /PLATAFORMA ," 20""/40"" ",30 DIAS ,SENCILLO 23 TON FULL 55 TON , POR CONTENEDOR $4500 MXN ,,,,20 TON FULL 50TON,"20"" 33.11m3 /40"" 76m3",SENCILLO $4800 FULL $7800,"$1,200 POR CONTENEDOR ",12HORAS,SENCILLO $4500  FULL $5000," $4,500.00 "," $5,000.00 "," $1,800.00 ", $450.00 ,Sencillo $660 Full $750 MXN
MANZANILLO,PUEBLA,DAYNO," $63,000.00 "," $84,000.00 ", CHASIS /PLATAFORMA ," 20""/40"" ",30 DIAS ,SENCILLO 23 TON FULL 55 TON , POR CONTENEDOR $4500 MXN ,FYSAM MEXICO,JCR 001 I/L-FYSAUTZLO,,20 TON FULL 50TON,"20"" 33.11m3 /40"" 76m3",SENCILLO $4800 FULL $7800,"$1,200 POR CONTENEDOR ",12HORAS,SENCILLO $4500  FULL $5000," $4,500.00 "," $5,000.00 "," $1,800.00 ", $450.00 ,Sencillo $660 Full $750 MXN
MANZANILLO,TORREON,DAYNO," $62,000.00 "," $84,000.00 ", CHASIS /PLATAFORMA ," 20""/40"" ",30 DIAS ,SENCILLO 23 TON FULL 55 TON , POR CONTENEDOR $4500 MXN ,,,,20 TON FULL 50TON,"20"" 33.11m3 /40"" 76m3",SENCILLO $4800 FULL $7800,"$1,200 POR CONTENEDOR ",12HORAS,SENCILLO $4500  FULL $5000," $4,500.00 "," $5,000.00 "," $1,800.00 ", $450.00 ,Sencillo $660 Full $750 MXN
MANZANILLO,SALTILLO,DAYNO," $63,000.00 "," $84,000.00 ", CHASIS /PLATAFORMA ," 20""/40"" ",30 DIAS ,SENCILLO 23 TON FULL 55 TON , POR CONTENEDOR $4500 MXN ,,,,20 TON FULL 50TON,"20"" 33.11m3 /40"" 76m3",SENCILLO $4800 FULL $7800,"$1,200 POR CONTENEDOR ",12HORAS,SENCILLO $4500  FULL $5000," $4,500.00 "," $5,000.00 "," $1,800.00 ", $450.00 ,Sencillo $660 Full $750 MXN
MANZANILLO,LEON/SILAO /IRAPUATO,DAYNO," $43,000.00 "," $63,000.00 ", CHASIS /PLATAFORMA ," 20""/40"" ",30 DIAS ,SENCILLO 23 TON FULL 55 TON , POR CONTENEDOR $4500 MXN ,,,,20 TON FULL 50TON,"20"" 33.11m3 /40"" 76m3",SENCILLO $4800 FULL $7800,"$1,200 POR CONTENEDOR ",12HORAS,SENCILLO $4500  FULL $5000," $4,500.00 "," $5,000.00 "," $1,800.00 ", $450.00 ,Sencillo $660 Full $750 MXN
MANZANILLO,AGUASCALIENTES,DAYNO," $43,000.00 "," $64,000.00 ", CHASIS /PLATAFORMA ," 20""/40"" ",30 DIAS ,SENCILLO 23 TON FULL 55 TON , POR CONTENEDOR $4500 MXN ,,,,20 TON FULL 50TON,"20"" 33.11m3 /40"" 76m3",SENCILLO $4800 FULL $7800,"$1,200 POR CONTENEDOR ",12HORAS,SENCILLO $4500  FULL $5000," $4,500.00 "," $5,000.00 "," $1,800.00 ", $450.00 ,Sencillo $660 Full $750 MXN
MANZANILLO,TIJUANA,DAYNO," $173,000.00 "," $232,000.00 ", CHASIS /PLATAFORMA ," 20""/40"" ",30 DIAS ,SENCILLO 23 TON FULL 55 TON , POR CONTENEDOR $4500 MXN ,,,,20 TON FULL 50TON,"20"" 33.11m3 /40"" 76m3",SENCILLO $4800 FULL $7800,"$1,200 POR CONTENEDOR ",12HORAS,SENCILLO $4500  FULL $5000," $4,500.00 "," $5,000.00 "," $1,800.00 ", $450.00 ,Sencillo $660 Full $750 MXN
MANZANILLO,HERMOSILLO,DAYNO," $113,000.00 "," $151,000.00 ", CHASIS /PLATAFORMA ," 20""/40"" ",30 DIAS ,SENCILLO 23 TON FULL 55 TON , POR CONTENEDOR $4500 MXN ,,,,20 TON FULL 50TON,"20"" 33.11m3 /40"" 76m3",SENCILLO $4800 FULL $7800,"$1,200 POR CONTENEDOR ",12HORAS,SENCILLO $4500  FULL $5000," $4,500.00 "," $5,000.00 "," $1,800.00 ", $450.00 ,Sencillo $660 Full $750 MXN
MANZANILLO,LA PAZ,DAYNO," $198,000.00 "," $260,000.00 ", CHASIS /PLATAFORMA ," 20""/40"" ",30 DIAS ,SENCILLO 23 TON FULL 55 TON , POR CONTENEDOR $4500 MXN ,,,,20 TON FULL 50TON,"20"" 33.11m3 /40"" 76m3",SENCILLO $4800 FULL $7800,"$1,200 POR CONTENEDOR ",12HORAS,SENCILLO $4500  FULL $5000," $4,500.00 "," $5,000.00 "," $1,800.00 ", $450.00 ,Sencillo $660 Full $750 MXN
MANZANILLO,CHIHUAHUA,DAYNO," $106,000.00 "," $145,000.00 ", CHASIS /PLATAFORMA ," 20""/40"" ",30 DIAS ,SENCILLO 23 TON FULL 55 TON , POR CONTENEDOR $4500 MXN ,,,,20 TON FULL 50TON,"20"" 33.11m3 /40"" 76m3",SENCILLO $4800 FULL $7800,"$1,200 POR CONTENEDOR ",12HORAS,SENCILLO $4500  FULL $5000," $4,500.00 "," $5,000.00 "," $1,800.00 ", $450.00 ,Sencillo $660 Full $750 MXN
MANZANILLO,TLAXCALA,DAYNO," $63,000.00 "," $83,000.00 ", CHASIS /PLATAFORMA ," 20""/40"" ",30 DIAS ,SENCILLO 23 TON FULL 55 TON , POR CONTENEDOR $4500 MXN ,,,,20 TON FULL 50TON,"20"" 33.11m3 /40"" 76m3",SENCILLO $4800 FULL $7800,"$1,200 POR CONTENEDOR ",12HORAS,SENCILLO $4500  FULL $5000," $4,500.00 "," $5,000.00 "," $1,800.00 ", $450.00 ,Sencillo $660 Full $750 MXN
MANZANILLO,MERIDA,DAYNO," $147,000.00 "," $193,000.00 ", CHASIS /PLATAFORMA ," 20""/40"" ",30 DIAS ,SENCILLO 23 TON FULL 55 TON , POR CONTENEDOR $4500 MXN ,,,,20 TON FULL 50TON,"20"" 33.11m3 /40"" 76m3",SENCILLO $4800 FULL $7800,"$1,200 POR CONTENEDOR ",12HORAS,SENCILLO $4500  FULL $5000," $4,500.00 "," $5,000.00 "," $1,800.00 ", $450.00 ,Sencillo $660 Full $750 MXN
MANZANILLO,VILLA HERMOSA,DAYNO," $111,000.00 "," $150,000.00 ", CHASIS /PLATAFORMA ," 20""/40"" ",30 DIAS ,SENCILLO 23 TON FULL 55 TON , POR CONTENEDOR $4500 MXN ,,,,20 TON FULL 50TON,"20"" 33.11m3 /40"" 76m3",SENCILLO $4800 FULL $7800,"$1,200 POR CONTENEDOR ",12HORAS,SENCILLO $4500  FULL $5000," $4,500.00 "," $5,000.00 "," $1,800.00 ", $450.00 ,Sencillo $660 Full $750 MXN
MANZANILLO,PANTACO ,DAYNO," $62,000.00 "," $85,000.00 ", CHASIS /PLATAFORMA ," 20""/40"" ",30 DIAS ,SENCILLO 23 TON FULL 55 TON , POR CONTENEDOR $4500 MXN ,,,,20 TON FULL 50TON,"20"" 33.11m3 /40"" 76m3",SENCILLO $4800 FULL $7800,"$1,200 POR CONTENEDOR ",12HORAS,SENCILLO $4500  FULL $5000," $4,500.00 "," $5,000.00 "," $1,800.00 ", $450.00 ,Sencillo $660 Full $750 MXN
MANZANILLO,CDMX EDOMEX,DAYNO," $56,000.00 "," $83,000.00 ", CHASIS /PLATAFORMA ," 20""/40"" ",30 DIAS ,SENCILLO 23 TON FULL 55 TON , POR CONTENEDOR $4500 MXN ,CRSC,,,20 TON FULL 50TON,"20"" 33.11m3 /40"" 76m3",SENCILLO $4800 FULL $7800,"$1,200 POR CONTENEDOR ",12HORAS,SENCILLO $4500  FULL $5000," $4,500.00 "," $5,000.00 "," $1,800.00 ", $450.00 ,Sencillo $660 Full $750 MXN
MANZANILLO,CELAYA,DAYNO," $43,000.00 "," $64,000.00 ", CHASIS /PLATAFORMA ," 20""/40"" ",30 DIAS ,SENCILLO 23 TON FULL 55 TON , POR CONTENEDOR $4500 MXN ,,,,20 TON FULL 50TON,"20"" 33.11m3 /40"" 76m3",SENCILLO $4800 FULL $7800,"$1,200 POR CONTENEDOR ",12HORAS,SENCILLO $4500  FULL $5000," $4,500.00 "," $5,000.00 "," $1,800.00 ", $450.00 ,Sencillo $660 Full $750 MXN
MANZANILLO,SAN JUAN DEL RIO ,DAYNO," $48,000.00 "," $66,000.00 ", CHASIS /PLATAFORMA ," 20""/40"" ",30 DIAS ,SENCILLO 23 TON FULL 55 TON ,,,,,,,,,,,,,,,
MANZANILLO,AGUASCALIENTES,MARINA," $43,000.00 "," $64,000.00 ", CHASIS /PLATAFORMA ," 20""/40"" ",30 DIAS ,SENCILLO 23 TON FULL 55 TON , POR CONTENEDOR $4500 MXN ,,,,20 TON FULL 50TON,"20"" 33.11m3 /40"" 76m3",SENCILLO $4800 FULL $7800,"$1,200 POR CONTENEDOR ",12HORAS,SENCILLO $4500  FULL $5000," $4,500.00 "," $5,000.00 "," $1,800.00 ", $450.00 ,Sencillo $660 Full $750 MXN
MANANILLO,QUERETARO,MARINA," $46,000.00 "," $63,000.00 ", CHASIS /PLATAFORMA ," 20""/40"" ",30 DIAS ,SENCILLO 23 TON FULL 55 TON , POR CONTENEDOR $4500 MXN ,VOLTAJE LATIN/CONVERGE/SINOMAN,JCR-001C/L-VOLSDENLU/CONTECLAX/SINSOLTAM,MAQUINARIA/ CABLE OPTICO/REFACCIONES,20 TON FULL 50TON,"20"" 33.11m3 /40"" 76m3",SENCILLO $4800 FULL $7800,"$1,200 POR CONTENEDOR ",12HORAS,SENCILLO $4500  FULL $5000," $4,500.00 "," $5,000.00 "," $1,800.00 ", $450.00 ,Sencillo $660 Full $750 MXN
MANZANILLO,CDMX EDOMEX,MARINA," $56,000.00 "," $83,000.00 ", CHASIS /PLATAFORMA ," 20""/40"" ",30 DIAS ,SENCILLO 23 TON FULL 55 TON , POR CONTENEDOR $4500 MXN ,,,,20 TON FULL 50TON,"20"" 33.11m3 /40"" 76m3",SENCILLO $4800 FULL $7800,"$1,200 POR CONTENEDOR ",12HORAS,SENCILLO $4500  FULL $5000," $4,500.00 "," $5,000.00 "," $1,800.00 ", $450.00 ,Sencillo $660 Full $750 MXN
MANZANILLO,CELAYA,MARINA," $43,000.00 "," $63,000.00 ", CHASIS /PLATAFORMA ," 20""/40"" ",30 DIAS ,SENCILLO 23 TON FULL 55 TON , POR CONTENEDOR $4500 MXN ,,,,20 TON FULL 50TON,"20"" 33.11m3 /40"" 76m3",SENCILLO $4800 FULL $7800,"$1,200 POR CONTENEDOR ",12HORAS,SENCILLO $4500  FULL $5000," $4,500.00 "," $5,000.00 "," $1,800.00 ", $450.00 ,Sencillo $660 Full $750 MXN
MANZANILLO,APODACA,MARINA," $63,000.00 "," $85,000.00 ", CHASIS /PLATAFORMA ," 20""/40"" ",30 DIAS ,SENCILLO 23 TON FULL 55 TON , POR CONTENEDOR $4500 MXN ,,,,20 TON FULL 50TON,"20"" 33.11m3 /40"" 76m3",SENCILLO $4800 FULL $7800,"$1,200 POR CONTENEDOR ",12HORAS,SENCILLO $4500  FULL $5000," $4,500.00 "," $5,000.00 "," $1,800.00 ", $450.00 ,Sencillo $660 Full $750 MXN
MANZANILLO,SAN MIGUEL DE ALLENDE ,MARINA," $46,000.00 "," $61,000.00 ", CHASIS /PLATAFORMA ," 20""/40"" ",30 DIAS ,SENCILLO 23 TON FULL 55 TON , POR CONTENEDOR $4500 MXN ,,,,20 TON FULL 50TON,"20"" 33.11m3 /40"" 76m3",SENCILLO $4800 FULL $7800,"$1,200 POR CONTENEDOR ",12HORAS,SENCILLO $4500  FULL $5000," $4,500.00 "," $5,000.00 "," $1,800.00 ", $450.00 ,Sencillo $660 Full $750 MXN
MANZANILLO,JALISCO/GUADALAJARA/ ZAPOPAN,MARINA," $29,000.00 "," $43,000.00 ", CHASIS /PLATAFORMA ,"20""/40""",30 DIAS ,SENCILLO 23 TON FULL 55 TON , POR CONTENEDOR $4500 MXN ,,,,20 TON FULL 50TON,"20"" 33.11m3 /40"" 76m3",SENCILLO $4800 FULL $7800,"$1,200 POR CONTENEDOR ",12HORAS,SENCILLO $4500  FULL $5000," $4,500.00 "," $5,000.00 "," $1,800.00 ", $450.00 ,Sencillo $660 Full $750 MXN
MANZANILLO,TORREON,MARINA," $62,000.00 "," $85,000.00 ", CHASIS /PLATAFORMA ,"20""/40""",30 DIAS ,SENCILLO 23 TON FULL 55 TON , POR CONTENEDOR $4500 MXN ,CF MOTOS,JCR-001B/L-CFMMEXMTY,REFACCIONES PARA MOTOCICLETA,20 TON FULL 50TON,"20"" 33.11m3 /40"" 76m3",SENCILLO $4800 FULL $7800,"$1,200 POR CONTENEDOR ",12HORAS,SENCILLO $4500  FULL $5000," $4,500.00 "," $5,000.00 "," $1,800.00 ", $450.00 ,Sencillo $660 Full $750 MXN
MANZANILLO,SALTILLO,MARINA," $63,000.00 "," $85,000.00 ", CHASIS /PLATAFORMA ,"20""/40""",30 DIAS ,SENCILLO 23 TON FULL 55 TON , POR CONTENEDOR $4500 MXN ,VOLTAJE LATIN/CONVERGE/ SINOMAN ,JCR-001C/L-VOLSDENLU/CONTECLAX/SINSOLTAM,MAQUINARIA/ CABLE OPTICO/REFACCIONES,20 TON FULL 50TON,"20"" 33.11m3 /40"" 76m3",SENCILLO $4800 FULL $7800,"$1,200 POR CONTENEDOR ",12HORAS,SENCILLO $4500  FULL $5000," $4,500.00 "," $5,000.00 "," $1,800.00 ", $450.00 ,Sencillo $660 Full $750 MXN
MANZANILLO,LEON/SILAO /IRAPUATO,MARINA," $43,000.00 "," $63,000.00 ", CHASIS /PLATAFORMA ,"20""/40""",30 DIAS ,SENCILLO 23 TON FULL 55 TON , POR CONTENEDOR $4500 MXN ,GESTAMP,JCR 001B,,20 TON FULL 50TON,"20"" 33.11m3 /40"" 76m3",SENCILLO $4800 FULL $7800,"$1,200 POR CONTENEDOR ",12HORAS,SENCILLO $4500  FULL $5000," $4,500.00 "," $5,000.00 "," $1,800.00 ", $450.00 ,Sencillo $660 Full $750 MXN
MANZANILLO ,PUEBLA,MARINA," $63,000.00 "," $90,000.00 ", CHASIS /PLATAFORMA ,"20""/40""",30 DIAS ,SENCILLO 23 TON FULL 55 TON , POR CONTENEDOR $4500 MXN ,FYSAM MEXICO,JCR 001 I/L-FYSAUTZLO,,20 TON FULL 50TON,"20"" 33.11m3 /40"" 76m3",SENCILLO $4800 FULL $7800,"$1,200 POR CONTENEDOR ",12HORAS,SENCILLO $4500  FULL $5000," $4,500.00 "," $5,000.00 "," $1,800.00 ", $450.00 ,Sencillo $660 Full $750 MXN
MANZANILLO ,SAN LUIS POTOSI,MARINA," $45,000.00 "," $63,000.00 ", CHASIS /PLATAFORMA ,"20""/40""",30 DIAS ,SENCILLO 23 TON FULL 55 TON , POR CONTENEDOR $4500 MXN ,FYSAM MEXICO,JCR 001 I/L-FYSAUTZLO,,20 TON FULL 50TON,"20"" 33.11m3 /40"" 76m3",SENCILLO $4800 FULL $7800,"$1,200 POR CONTENEDOR ",12HORAS,,,,,,
MANZANILLO ,RAMOS ARIZPE,MARINA," $62,000.00 "," $84,000.00 ", CHASIS /PLATAFORMA ," 20""/40"" ",30 DIAS ,SENCILLO 23 TON FULL 55 TON , POR CONTENEDOR $4500 MXN ,,,,,,,,,,,,,,
MANZANILLO ,REYNOSA,MARINA," $96,000.00 "," $135,000.00 ", CHASIS /PLATAFORMA ,"20""/40""",30 DIAS ,SENCILLO 23 TON FULL 55 TON , POR CONTENEDOR $4500 MXN ,,,,20 TON FULL 50TON,"20"" 33.11m3 /40"" 76m3",SENCILLO $4800 FULL $7800,"$1,200 POR CONTENEDOR ",12HORAS,SENCILLO $4500  FULL $5000," $4,500.00 "," $5,000.00 "," $1,800.00 ", $450.00 ,Sencillo $660 Full $750 MXN
MANZANILLO,SAN JUAN DEL RIO ,MARINA," $47,000.00 "," $65,000.00 ", CHASIS /PLATAFORMA ," 20""/40"" ",30 DIAS ,SENCILLO 23 TON FULL 55 TON ,,,,,,,,,,,,,,,
MANZANILLO,MORELOS,MARINA," $63,000.00 "," $84,000.00 ", CHASIS /PLATAFORMA ," 20""/40"" ",30 DIAS ,SENCILLO 23 TON FULL 55 TON , POR CONTENEDOR $4500 MXN ,,,,,,,,,,,,,,
MANZANILLO,APODACA,SAGE," $63,000.00 "," $84,000.00 ", CHASIS /PLATAFORMA ," 20""/40"" ",30 DIAS ,SENCILLO 23 TON FULL 55 TON , POR CONTENEDOR $4500 MXN ,,,,,,,,,,,,,,
MANZANILLO,TEPEJI DEL RIO,SAGE," $52,000.00 "," $73,000.00 ", CHASIS /PLATAFORMA ," 20""/40"" ",30 DIAS ,SENCILLO 23 TON FULL 55 TON , POR CONTENEDOR $4500 MXN ,MIWO TECHNOLOGIES,JCR-001A/ L-MIWTECZLO,MERCANCIA GENERAL,20 TON FULL 50TON,"20"" 33.11m3 /40"" 76m3",SENCILLO $4800 FULL $7800,"$1,200 POR CONTENEDOR ",12HORAS,SENCILLO $4500  FULL $5000," $4,500.00 "," $5,000.00 "," $1,800.00 ", $450.00 ,Sencillo $660 Full $750 MXN
MANZANILLO ,SAN LUIS POTOSI,SAGE," $45,000.00 "," $63,000.00 ", CHASIS /PLATAFORMA ,"20""/40""",30 DIAS ,SENCILLO 23 TON FULL 55 TON , POR CONTENEDOR $4500 MXN ,GESTAMP,JCR 001B,,20 TON FULL 50TON,"20"" 33.11m3 /40"" 76m3",SENCILLO $4800 FULL $7800,"$1,200 POR CONTENEDOR ",12HORAS,SENCILLO $4500  FULL $5000," $4,500.00 "," $5,000.00 "," $1,800.00 ", $450.00 ,Sencillo $660 Full $750 MXN
MANZANILLO ,RAMOS ARIZPE,SAGE," $63,000.00 "," $84,000.00 ", CHASIS /PLATAFORMA ,"20""/40""",30 DIAS ,SENCILLO 23 TON FULL 55 TON , POR CONTENEDOR $4500 MXN ,,,,20 TON FULL 50TON,"20"" 33.11m3 /40"" 76m3",SENCILLO $4800 FULL $7800,"$1,200 POR CONTENEDOR ",12HORAS,SENCILLO $4500  FULL $5000," $4,500.00 "," $5,000.00 "," $1,800.00 ", $450.00 ,Sencillo $660 Full $750 MXN
MANZANILLO,SAN JUAN DEL RIO ,LTP," $48,000.00 "," $66,000.00 ", CHASIS /PLATAFORMA ," 20""/40"" ",30 DIAS ,SENCILLO 23 TON FULL 55 TON ,,,,,,,,,,,,,,,
MANZANILLO,APODACA,LTP," $63,000.00 "," $85,000.00 ", CHASIS /PLATAFORMA ," 20""/40"" ",30 DIAS ,SENCILLO 23 TON FULL 55 TON , POR CONTENEDOR $4500 MXN ,,,,20 TON FULL 50TON,"20"" 33.11m3 /40"" 76m3",SENCILLO $4800 FULL $7800,"$1,200 POR CONTENEDOR ",12HORAS,SENCILLO $4500  FULL $5000," $4,500.00 "," $5,000.00 "," $1,800.00 ", $450.00 ,Sencillo $660 Full $750 MXN
MANZANILLO,QUERETARO,LTP," $46,000.00 "," $63,000.00 ", CHASIS /PLATAFORMA ," 20""/40"" ",30 DIAS ,SENCILLO 23 TON FULL 55 TON , POR CONTENEDOR $4500 MXN ,,,,20 TON FULL 50TON,"20"" 33.11m3 /40"" 76m3",SENCILLO $4800 FULL $7800,"$1,200 POR CONTENEDOR ",12HORAS,SENCILLO $4500  FULL $5000," $4,500.00 "," $5,000.00 "," $1,800.00 ", $450.00 ,Sencillo $660 Full $750 MXN
MANZANILLO,SAN MIGUEL DE ALLENDE ,LTP," $46,000.00 "," $61,000.00 ", CHASIS /PLATAFORMA ," 20""/40"" ",30 DIAS ,SENCILLO 23 TON FULL 55 TON , POR CONTENEDOR $4500 MXN ,,,,20 TON FULL 50TON,"20"" 33.11m3 /40"" 76m3",SENCILLO $4800 FULL $7800,"$1,200 POR CONTENEDOR ",12HORAS,SENCILLO $4500  FULL $5000," $4,500.00 "," $5,000.00 "," $1,800.00 ", $450.00 ,Sencillo $660 Full $750 MXN
MANZANILLO,SAN LUIS POTOSI,LTP," $45,000.00 "," $63,000.00 ", CHASIS /PLATAFORMA ," 20""/40"" ",30 DIAS ,SENCILLO 23 TON FULL 55 TON , POR CONTENEDOR $4500 MXN ,,,,20 TON FULL 50TON,"20"" 33.11m3 /40"" 76m3",SENCILLO $4800 FULL $7800,"$1,200 POR CONTENEDOR ",12HORAS,SENCILLO $4500  FULL $5000," $4,500.00 "," $5,000.00 "," $1,800.00 ", $450.00 ,Sencillo $660 Full $750 MXN
MANZANILLO,JALISCO/GUADALAJARA/ ZAPOPAN,LTP," $29,000.00 "," $43,000.00 ", CHASIS /PLATAFORMA ," 20""/40"" ",30 DIAS ,SENCILLO 23 TON FULL 55 TON , POR CONTENEDOR $4500 MXN ,,,,20 TON FULL 50TON,"20"" 33.11m3 /40"" 76m3",SENCILLO $4800 FULL $7800,"$1,200 POR CONTENEDOR ",12HORAS,SENCILLO $4500  FULL $5000," $4,500.00 "," $5,000.00 "," $1,800.00 ", $450.00 ,Sencillo $660 Full $750 MXN
MANZANILLO,TORREON,LTP," $62,000.00 "," $85,000.00 ", CHASIS /PLATAFORMA ," 20""/40"" ",30 DIAS ,SENCILLO 23 TON FULL 55 TON , POR CONTENEDOR $4500 MXN ,,,,20 TON FULL 50TON,"20"" 33.11m3 /40"" 76m3",SENCILLO $4800 FULL $7800,"$1,200 POR CONTENEDOR ",12HORAS,SENCILLO $4500  FULL $5000," $4,500.00 "," $5,000.00 "," $1,800.00 ", $450.00 ,Sencillo $660 Full $750 MXN
MANZANILLO,SALTILLO,LTP," $63,500.00 "," $84,500.00 ", CHASIS /PLATAFORMA ," 20""/40"" ",30 DIAS ,SENCILLO 23 TON FULL 55 TON , POR CONTENEDOR $4500 MXN ,,,,20 TON FULL 50TON,"20"" 33.11m3 /40"" 76m3",SENCILLO $4800 FULL $7800,"$1,200 POR CONTENEDOR ",12HORAS,SENCILLO $4500  FULL $5000," $4,500.00 "," $5,000.00 "," $1,800.00 ", $450.00 ,Sencillo $660 Full $750 MXN
MANZANILLO,AGUASCALIENTES,LTP," $43,000.00 "," $65,000.00 ", CHASIS /PLATAFORMA ," 20""/40"" ",30 DIAS ,SENCILLO 23 TON FULL 55 TON , POR CONTENEDOR $4500 MXN ,,,,20 TON FULL 50TON,"20"" 33.11m3 /40"" 76m3",SENCILLO $4800 FULL $7800,"$1,200 POR CONTENEDOR ",12HORAS,SENCILLO $4500  FULL $5000," $4,500.00 "," $5,000.00 "," $1,800.00 ", $450.00 ,Sencillo $660 Full $750 MXN
MANZANILLO,JALISCO/GUADALAJARA/ ZAPOPAN,LTP," $43,000.00 "," $66,000.00 ", CHASIS /PLATAFORMA ," 20""/40"" ",30 DIAS ,SENCILLO 23 TON FULL 55 TON , POR CONTENEDOR $4500 MXN ,,,,20 TON FULL 50TON,"20"" 33.11m3 /40"" 76m3",SENCILLO $4800 FULL $7800,"$1,200 POR CONTENEDOR ",12HORAS,SENCILLO $4500  FULL $5000," $4,500.00 "," $5,000.00 "," $1,800.00 ", $450.00 ,Sencillo $660 Full $750 MXN
MANZANILLO,PUEBLA,LTP," $65,000.00 "," $86,000.00 ", CHASIS /PLATAFORMA ," 20""/40"" ",30 DIAS ,SENCILLO 23 TON FULL 55 TON , POR CONTENEDOR $4500 MXN ,FYSAM MEXICO,JCR 001 I/L-FYSAUTZLO,,20 TON FULL 50TON,"20"" 33.11m3 /40"" 76m3",SENCILLO $4800 FULL $7800,"$1,200 POR CONTENEDOR ",12HORAS,SENCILLO $4500  FULL $5000," $4,500.00 "," $5,000.00 "," $1,800.00 ", $450.00 ,Sencillo $660 Full $750 MXN
MANZANILLO,LEON/SILAO /IRAPUATO,LTP," $45,000.00 "," $64,000.00 ", CHASIS /PLATAFORMA ," 20""/40"" ",30 DIAS ,SENCILLO 23 TON FULL 55 TON , POR CONTENEDOR $4500 MXN ,,,,20 TON FULL 50TON,"20"" 33.11m3 /40"" 76m3",SENCILLO $4800 FULL $7800,"$1,200 POR CONTENEDOR ",12HORAS,SENCILLO $4500  FULL $5000," $4,500.00 "," $5,000.00 "," $1,800.00 ", $450.00 ,Sencillo $660 Full $750 MXN
MANZANILLO,CDMX EDOMEX,LTP," $60,000.00 "," $83,000.00 ", CHASIS /PLATAFORMA ," 20""/40"" ",30 DIAS ,SENCILLO 23 TON FULL 55 TON , POR CONTENEDOR $4500 MXN ,,,,20 TON FULL 50TON,"20"" 33.11m3 /40"" 76m3",SENCILLO $4800 FULL $7800,"$1,200 POR CONTENEDOR ",12HORAS,SENCILLO $4500  FULL $5000," $4,500.00 "," $5,000.00 "," $1,800.00 ", $450.00 ,Sencillo $660 Full $750 MXN
MANZANILLO,SAN JUAN DEL RIO ,RC TRUKING," $48,000.00 "," $66,000.00 ", CHASIS /PLATAFORMA ," 20""/40"" ",30 DIAS ,SENCILLO 23 TON FULL 55 TON ,,,,,,,,,,,,,,,
MANZANILLO,APODACA,RC TRUKING," $63,000.00 "," $85,000.00 ", CHASIS /PLATAFORMA ," 20""/40"" ",30 DIAS ,SENCILLO 23 TON FULL 55 TON , POR CONTENEDOR $4500 MXN ,,,,20 TON FULL 50TON,"20"" 33.11m3 /40"" 76m3",SENCILLO $4800 FULL $7800,"$1,200 POR CONTENEDOR ",12HORAS,SENCILLO $4500  FULL $5000," $4,500.00 "," $5,000.00 "," $1,800.00 ", $450.00 ,Sencillo $660 Full $750 MXN
MANZANILLO,QUERETARO,RC TRUKING," $46,000.00 "," $63,000.00 ", CHASIS /PLATAFORMA ," 20""/40"" ",30 DIAS ,SENCILLO 23 TON FULL 55 TON , POR CONTENEDOR $4500 MXN ,,,,20 TON FULL 50TON,"20"" 33.11m3 /40"" 76m3",SENCILLO $4800 FULL $7800,"$1,200 POR CONTENEDOR ",12HORAS,SENCILLO $4500  FULL $5000," $4,500.00 "," $5,000.00 "," $1,800.00 ", $450.00 ,Sencillo $660 Full $750 MXN
MANZANILLO,SAN MIGUEL DE ALLENDE ,RC TRUKING," $46,000.00 "," $61,000.00 ", CHASIS /PLATAFORMA ," 20""/40"" ",30 DIAS ,SENCILLO 23 TON FULL 55 TON , POR CONTENEDOR $4500 MXN ,,,,20 TON FULL 50TON,"20"" 33.11m3 /40"" 76m3",SENCILLO $4800 FULL $7800,"$1,200 POR CONTENEDOR ",12HORAS,SENCILLO $4500  FULL $5000," $4,500.00 "," $5,000.00 "," $1,800.00 ", $450.00 ,Sencillo $660 Full $750 MXN
MANZANILLO,JALISCO/GUADALAJARA/ ZAPOPAN,RC TRUKING," $29,000.00 "," $43,000.00 ", CHASIS /PLATAFORMA ," 20""/40"" ",30 DIAS ,SENCILLO 23 TON FULL 55 TON , POR CONTENEDOR $4500 MXN ,,,,20 TON FULL 50TON,"20"" 33.11m3 /40"" 76m3",SENCILLO $4800 FULL $7800,"$1,200 POR CONTENEDOR ",12HORAS,SENCILLO $4500  FULL $5000," $4,500.00 "," $5,000.00 "," $1,800.00 ", $450.00 ,Sencillo $660 Full $750 MXN
MANZANILLO,TORREON,RC TRUKING," $62,000.00 "," $85,000.00 ", CHASIS /PLATAFORMA ," 20""/40"" ",30 DIAS ,SENCILLO 23 TON FULL 55 TON , POR CONTENEDOR $4500 MXN ,,,,20 TON FULL 50TON,"20"" 33.11m3 /40"" 76m3",SENCILLO $4800 FULL $7800,"$1,200 POR CONTENEDOR ",12HORAS,SENCILLO $4500  FULL $5000," $4,500.00 "," $5,000.00 "," $1,800.00 ", $450.00 ,Sencillo $660 Full $750 MXN
MANZANILLO,SALTILLO,RC TRUKING," $63,500.00 "," $84,500.00 ", CHASIS /PLATAFORMA ," 20""/40"" ",30 DIAS ,SENCILLO 23 TON FULL 55 TON , POR CONTENEDOR $4500 MXN ,,,,20 TON FULL 50TON,"20"" 33.11m3 /40"" 76m3",SENCILLO $4800 FULL $7800,"$1,200 POR CONTENEDOR ",12HORAS,SENCILLO $4500  FULL $5000," $4,500.00 "," $5,000.00 "," $1,800.00 ", $450.00 ,Sencillo $660 Full $750 MXN
MANZANILLO,AGUASCALIENTES,RC TRUKING," $43,000.00 "," $65,000.00 ", CHASIS /PLATAFORMA ," 20""/40"" ",30 DIAS ,SENCILLO 23 TON FULL 55 TON , POR CONTENEDOR $4500 MXN ,,,,20 TON FULL 50TON,"20"" 33.11m3 /40"" 76m3",SENCILLO $4800 FULL $7800,"$1,200 POR CONTENEDOR ",12HORAS,SENCILLO $4500  FULL $5000," $4,500.00 "," $5,000.00 "," $1,800.00 ", $450.00 ,Sencillo $660 Full $750 MXN
MANZANILLO,PUEBLA,RC TRUKING," $64,000.00 "," $85,000.00 ", CHASIS /PLATAFORMA ," 20""/40"" ",30 DIAS ,SENCILLO 23 TON FULL 55 TON , POR CONTENEDOR $4500 MXN ,,,,20 TON FULL 50TON,"20"" 33.11m3 /40"" 76m3",SENCILLO $4800 FULL $7800,"$1,200 POR CONTENEDOR ",12HORAS,SENCILLO $4500  FULL $5000," $4,500.00 "," $5,000.00 "," $1,800.00 ", $450.00 ,Sencillo $660 Full $750 MXN
MANZANILLO,LEON/SILAO /IRAPUATO,RC TRUKING," $45,000.00 "," $64,000.00 ", CHASIS /PLATAFORMA ," 20""/40"" ",30 DIAS ,SENCILLO 23 TON FULL 55 TON , POR CONTENEDOR $4500 MXN ,,,,20 TON FULL 50TON,"20"" 33.11m3 /40"" 76m3",SENCILLO $4800 FULL $7800,"$1,200 POR CONTENEDOR ",12HORAS,SENCILLO $4500  FULL $5000," $4,500.00 "," $5,000.00 "," $1,800.00 ", $450.00 ,Sencillo $660 Full $750 MXN
MANZANILLO,CDMX EDOMEX,RC TRUKING," $60,000.00 "," $84,000.00 ", CHASIS /PLATAFORMA ," 20""/40"" ",30 DIAS ,SENCILLO 23 TON FULL 55 TON , POR CONTENEDOR $4500 MXN ,,,,20 TON FULL 50TON,"20"" 33.11m3 /40"" 76m3",SENCILLO $4800 FULL $7800,"$1,200 POR CONTENEDOR ",12HORAS,SENCILLO $4500  FULL $5000," $4,500.00 "," $5,000.00 "," $1,800.00 ", $450.00 ,Sencillo $660 Full $750 MXN
MANZANILLO,SAN LUIS POTOSI,RC TRUKING," $48,000.00 "," $63,000.00 ", CHASIS /PLATAFORMA ," 20""/40"" ",30 DIAS ,SENCILLO 23 TON FULL 55 TON , POR CONTENEDOR $4500 MXN ,GESTAMP,JCR 001B,,20 TON FULL 50TON,"20"" 33.11m3 /40"" 76m3",SENCILLO $4800 FULL $7800,"$1,200 POR CONTENEDOR ",12HORAS,SENCILLO $4500  FULL $5000," $4,500.00 "," $5,000.00 "," $1,800.00 ", $450.00 ,Sencillo $660 Full $750 MXN
MANZANILLO,LAGOS DE MORENO JALISCO,RC TRUKING," $44,000.00 "," $64,000.00 ", CHASIS /PLATAFORMA ," 20""/40"" ",30 DIAS ,SENCILLO 23 TON FULL 55 TON , POR CONTENEDOR $4500 MXN ,,,,20 TON FULL 50TON,"20"" 33.11m3 /40"" 76m3",SENCILLO $4800 FULL $7800,"$1,200 POR CONTENEDOR ",12HORAS,SENCILLO $4500  FULL $5000," $4,500.00 "," $5,000.00 "," $1,800.00 ", $450.00 ,Sencillo $660 Full $750 MXN
MANZANILLO,CIUDAD ACUÑA COAH,RC TRUKING," $110,000.00 "," $165,000.00 ", CHASIS /PLATAFORMA ,"20""/40""",30 DIAS ,SENCILLO 23 TON FULL 55 TON , POR CONTENEDOR $4500 MXN ,,,,20 TON FULL 50TON,"20"" 33.11m3 /40"" 76m3",SENCILLO $4800 FULL $7800,"$1,200 POR CONTENEDOR ",12HORAS,SENCILLO $4500  FULL $5000," $4,500.00 "," $5,000.00 "," $1,800.00 ", $450.00 ,Sencillo $660 Full $750 MXN
MANZANILLO,APODACA,RAMZ," $57,125.00 ",N/A, CHASIS /PLATAFORMA ," 20""/40"" ",30 DIAS ,SENCILLO 23 TON FULL 55 TON , POR CONTENEDOR $4500 MXN ,,,,20 TON FULL 50TON,"20"" 33.11m3 /40"" 76m3",SENCILLO $4800 FULL $7800,"$1,200 POR CONTENEDOR ",12HORAS,SENCILLO $4500  FULL $5000," $4,500.00 "," $5,000.00 "," $1,800.00 ", $450.00 ,Sencillo $660 Full $750 MXN
MANZANILLO,RAMOS ARIZPE,RAMZ," $55,125.00 ",N/A, CHASIS /PLATAFORMA ," 20""/40"" ",30 DIAS ,SENCILLO 23 TON FULL 55 TON , POR CONTENEDOR $4500 MXN ,,,,20 TON FULL 50TON,"20"" 33.11m3 /40"" 76m3",SENCILLO $4800 FULL $7800,"$1,200 POR CONTENEDOR ",12HORAS,SENCILLO $4500  FULL $5000," $4,500.00 "," $5,000.00 "," $1,800.00 ", $450.00 ,Sencillo $660 Full $750 MXN
MANZANILLO,APODACA,GADO," $63,000.00 "," $85,000.00 ", CHASIS /PLATAFORMA ," 20""/40"" ",30 DIAS ,SENCILLO 23 TON FULL 55 TON , POR CONTENEDOR $4500 MXN ,,,,20 TON FULL 50TON,"20"" 33.11m3 /40"" 76m3",SENCILLO $4800 FULL $7800,"$1,200 POR CONTENEDOR ",12HORAS,SENCILLO $4500  FULL $5000," $4,500.00 "," $5,000.00 "," $1,800.00 ", $450.00 ,Sencillo $660 Full $750 MXN
MANZANILLO,QUERETARO,GADO," $46,000.00 "," $63,000.00 ", CHASIS /PLATAFORMA ," 20""/40"" ",30 DIAS ,SENCILLO 23 TON FULL 55 TON , POR CONTENEDOR $4500 MXN ,,,,20 TON FULL 50TON,"20"" 33.11m3 /40"" 76m3",SENCILLO $4800 FULL $7800,"$1,200 POR CONTENEDOR ",12HORAS,SENCILLO $4500  FULL $5000," $4,500.00 "," $5,000.00 "," $1,800.00 ", $450.00 ,Sencillo $660 Full $750 MXN
MANZANILLO,SAN MIGUEL DE ALLENDE ,GADO," $46,000.00 "," $61,000.00 ", CHASIS /PLATAFORMA ," 20""/40"" ",30 DIAS ,SENCILLO 23 TON FULL 55 TON , POR CONTENEDOR $4500 MXN ,,,,20 TON FULL 50TON,"20"" 33.11m3 /40"" 76m3",SENCILLO $4800 FULL $7800,"$1,200 POR CONTENEDOR ",12HORAS,SENCILLO $4500  FULL $5000," $4,500.00 "," $5,000.00 "," $1,800.00 ", $450.00 ,Sencillo $660 Full $750 MXN
MANZANILLO,AGUASCALIENTES ,GADO," $41,000.00 "," $63,000.00 ", CHASIS /PLATAFORMA ," 20""/40"" ",30 DIAS ,SENCILLO 23 TON FULL 55 TON , POR CONTENEDOR $4500 MXN ,,,,20 TON FULL 50TON,"20"" 33.11m3 /40"" 76m3",SENCILLO $4800 FULL $7800,"$1,200 POR CONTENEDOR ",12HORAS,SENCILLO $4500  FULL $5000," $4,500.00 "," $5,000.00 "," $1,800.00 ", $450.00 ,Sencillo $660 Full $750 MXN
MANZANILLO,CDMX EDOMEX,GADO," $56,000.00 "," $83,000.00 ", CHASIS /PLATAFORMA ," 20""/40"" ",30 DIAS ,SENCILLO 23 TON FULL 55 TON , POR CONTENEDOR $4500 MXN ,,,,20 TON FULL 50TON,"20"" 33.11m3 /40"" 76m3",SENCILLO $4800 FULL $7800,"$1,200 POR CONTENEDOR ",12HORAS,SENCILLO $4500  FULL $5000," $4,500.00 "," $5,000.00 "," $1,800.00 ", $450.00 ,Sencillo $660 Full $750 MXN
MANZANILLO,SAN LUIS POTOSI,GADO," $45,000.00 "," $63,000.00 ", CHASIS /PLATAFORMA ," 20""/40"" ",30 DIAS ,SENCILLO 23 TON FULL 55 TON , POR CONTENEDOR $4500 MXN ,,,,,,,,,,,,,,
MANZANILLO,JALISCO/GUADALAJARA/ ZAPOPAN,GADO," $29,000.00 "," $41,000.00 ", CHASIS /PLATAFORMA ," 20""/40"" ",30 DIAS ,SENCILLO 23 TON FULL 55 TON , POR CONTENEDOR $4500 MXN ,,,,,,,,,,,,,,
MANZANILLO,PUEBLA,GADO," $62,500.00 "," $83,000.00 ", CHASIS /PLATAFORMA ," 20""/40"" ",30 DIAS ,SENCILLO 23 TON FULL 55 TON , POR CONTENEDOR $4500 MXN ,,,,,,,,,,,,,,
MANZANILLO,TORREON,GADO," $62,000.00 "," $84,000.00 ", CHASIS /PLATAFORMA ," 20""/40"" ",30 DIAS ,SENCILLO 23 TON FULL 55 TON , POR CONTENEDOR $4500 MXN ,,,,,,,,,,,,,,
MANZANILLO,SALTILLO,GADO," $63,000.00 "," $84,000.00 ", CHASIS /PLATAFORMA ," 20""/40"" ",30 DIAS ,SENCILLO 23 TON FULL 55 TON , POR CONTENEDOR $4500 MXN ,,,,,,,,,,,,,,
MANZANILLO,LEON/SILAO /IRAPUATO,GADO," $43,000.00 "," $60,000.00 ", CHASIS /PLATAFORMA ," 20""/40"" ",30 DIAS ,SENCILLO 23 TON FULL 55 TON , POR CONTENEDOR $4500 MXN ,,,,,,,,,,,,,,
MANZANILLO,TLAXCALA,GADO," $63,000.00 "," $83,000.00 ", CHASIS /PLATAFORMA ," 20""/40"" ",30 DIAS ,SENCILLO 23 TON FULL 55 TON , POR CONTENEDOR $4500 MXN ,,,,,,,,,,,,,,
MANZANILLO,PANTACO ,GADO," $62,000.00 "," $85,000.00 ", CHASIS /PLATAFORMA ," 20""/40"" ",30 DIAS ,SENCILLO 23 TON FULL 55 TON , POR CONTENEDOR $4500 MXN ,,,,,,,,,,,,,,
MANZANILLO,CELAYA,GADO," $43,000.00 "," $63,000.00 ", CHASIS /PLATAFORMA ," 20""/40"" ",30 DIAS ,SENCILLO 23 TON FULL 55 TON , POR CONTENEDOR $4500 MXN ,,,,,,,,,,,,,,
MANZANILLO ,RAMOS ARIZPE,GADO," $62,000.00 "," $84,000.00 ", CHASIS /PLATAFORMA ," 20""/40"" ",30 DIAS ,SENCILLO 23 TON FULL 55 TON , POR CONTENEDOR $4500 MXN ,,,,,,,,,,,,,,
MANZANILLO,TEPEJI DEL RIO,GADO," $49,000.00 "," $65,000.00 ", CHASIS /PLATAFORMA ," 20""/40"" ",30 DIAS ,SENCILLO 23 TON FULL 55 TON , POR CONTENEDOR $4500 MXN ,,,,,,,,,,,,,,
MANZANILLO,TEPOTZOTLAN,GADO," $55,000.00 "," $83,000.00 ", CHASIS /PLATAFORMA ," 20""/40"" ",30 DIAS ,SENCILLO 23 TON FULL 55 TON , POR CONTENEDOR $4500 MXN ,,,,,,,,,,,,,,
MANZANILLO,NUEVO LAREDO ,GADO," $93,000.00 "," $127,000.00 ", CHASIS /PLATAFORMA ," 20""/40"" ",30 DIAS ,SENCILLO 23 TON FULL 55 TON , POR CONTENEDOR $4500 MXN ,,,,,,,,,,,,,,
MANZANILLO,SAN JUAN DEL RIO ,GADO," $47,000.00 "," $65,000.00 ", CHASIS /PLATAFORMA ," 20""/40"" ",30 DIAS ,SENCILLO 23 TON FULL 55 TON , POR CONTENEDOR $4500 MXN ,,,,,,,,,,,,,,
MANZANILLO,MORELOS,GADO," $63,000.00 "," $84,000.00 ", CHASIS /PLATAFORMA ," 20""/40"" ",30 DIAS ,SENCILLO 23 TON FULL 55 TON , POR CONTENEDOR $4500 MXN ,,,,,,,,,,,,,,
MANZANILLO,APODACA,TRACUSA," $63,000.00 "," $85,000.00 ", CHASIS /PLATAFORMA ," 20""/40"" ",30 DIAS ,SENCILLO 23 TON FULL 55 TON , POR CONTENEDOR $4500 MXN ,,,,,,,,,,,,,,
MANZANILLO,QUERETARO,TRACUSA," $46,000.00 "," $63,000.00 ", CHASIS /PLATAFORMA ," 20""/40"" ",30 DIAS ,SENCILLO 23 TON FULL 55 TON , POR CONTENEDOR $4500 MXN ,,,,,,,,,,,,,,
MANZANILLO,SAN MIGUEL DE ALLENDE ,TRACUSA," $46,000.00 "," $61,000.00 ", CHASIS /PLATAFORMA ," 20""/40"" ",30 DIAS ,SENCILLO 23 TON FULL 55 TON , POR CONTENEDOR $4500 MXN ,,,,,,,,,,,,,,
MANZANILLO,AGUASCALIENTES ,TRACUSA," $41,000.00 "," $63,000.00 ", CHASIS /PLATAFORMA ," 20""/40"" ",30 DIAS ,SENCILLO 23 TON FULL 55 TON , POR CONTENEDOR $4500 MXN ,,,,,,,,,,,,,,
MANZANILLO,CDMX EDOMEX,TRACUSA," $56,000.00 "," $83,000.00 ", CHASIS /PLATAFORMA ," 20""/40"" ",30 DIAS ,SENCILLO 23 TON FULL 55 TON , POR CONTENEDOR $4500 MXN ,,,,,,,,,,,,,,
MANZANILLO,SAN LUIS POTOSI,TRACUSA," $45,000.00 "," $63,000.00 ", CHASIS /PLATAFORMA ," 20""/40"" ",30 DIAS ,SENCILLO 23 TON FULL 55 TON , POR CONTENEDOR $4500 MXN ,,,,,,,,,,,,,,
MANZANILLO,JALISCO/GUADALAJARA/ ZAPOPAN,TRACUSA," $29,000.00 "," $41,000.00 ", CHASIS /PLATAFORMA ," 20""/40"" ",30 DIAS ,SENCILLO 23 TON FULL 55 TON , POR CONTENEDOR $4500 MXN ,,,,,,,,,,,,,,
MANZANILLO,PUEBLA,TRACUSA," $62,500.00 "," $83,000.00 ", CHASIS /PLATAFORMA ," 20""/40"" ",30 DIAS ,SENCILLO 23 TON FULL 55 TON , POR CONTENEDOR $4500 MXN ,,,,,,,,,,,,,,
MANZANILLO,TORREON,TRACUSA," $62,000.00 "," $84,000.00 ", CHASIS /PLATAFORMA ," 20""/40"" ",30 DIAS ,SENCILLO 23 TON FULL 55 TON , POR CONTENEDOR $4500 MXN ,,,,,,,,,,,,,,
MANZANILLO,SALTILLO,TRACUSA," $63,000.00 "," $84,000.00 ", CHASIS /PLATAFORMA ," 20""/40"" ",30 DIAS ,SENCILLO 23 TON FULL 55 TON , POR CONTENEDOR $4500 MXN ,,,,,,,,,,,,,,
MANZANILLO,LEON/SILAO /IRAPUATO,TRACUSA," $43,000.00 "," $60,000.00 ", CHASIS /PLATAFORMA ," 20""/40"" ",30 DIAS ,SENCILLO 23 TON FULL 55 TON , POR CONTENEDOR $4500 MXN ,,,,,,,,,,,,,,
MANZANILLO,TLAXCALA,TRACUSA," $63,000.00 "," $83,000.00 ", CHASIS /PLATAFORMA ," 20""/40"" ",30 DIAS ,SENCILLO 23 TON FULL 55 TON , POR CONTENEDOR $4500 MXN ,,,,,,,,,,,,,,
MANZANILLO,PANTACO ,TRACUSA," $62,000.00 "," $85,000.00 ", CHASIS /PLATAFORMA ," 20""/40"" ",30 DIAS ,SENCILLO 23 TON FULL 55 TON , POR CONTENEDOR $4500 MXN ,,,,,,,,,,,,,,
MANZANILLO,CELAYA,TRACUSA," $43,000.00 "," $63,000.00 ", CHASIS /PLATAFORMA ," 20""/40"" ",30 DIAS ,SENCILLO 23 TON FULL 55 TON , POR CONTENEDOR $4500 MXN ,,,,,,,,,,,,,,
MANZANILLO ,RAMOS ARIZPE,TRACUSA," $62,000.00 "," $84,000.00 ", CHASIS /PLATAFORMA ," 20""/40"" ",30 DIAS ,SENCILLO 23 TON FULL 55 TON , POR CONTENEDOR $4500 MXN ,,,,,,,,,,,,,,
MANZANILLO,TEPEJI DEL RIO,TRACUSA," $49,000.00 "," $65,000.00 ", CHASIS /PLATAFORMA ," 20""/40"" ",30 DIAS ,SENCILLO 23 TON FULL 55 TON , POR CONTENEDOR $4500 MXN ,,,,,,,,,,,,,,
MANZANILLO,TEPOTZOTLAN,TRACUSA," $55,000.00 "," $83,000.00 ", CHASIS /PLATAFORMA ," 20""/40"" ",30 DIAS ,SENCILLO 23 TON FULL 55 TON , POR CONTENEDOR $4500 MXN ,,,,,,,,,,,,,,
MANZANILLO,NUEVO LAREDO ,TRACUSA," $95,000.00 "," $130,000.00 ", CHASIS /PLATAFORMA ," 20""/40"" ",30 DIAS ,SENCILLO 23 TON FULL 55 TON , POR CONTENEDOR $4500 MXN ,,,,,,,,,,,,,,
MANZANILLO,SAN JUAN DEL RIO ,TRACUSA," $47,000.00 "," $65,000.00 ", CHASIS /PLATAFORMA ," 20""/40"" ",30 DIAS ,SENCILLO 23 TON FULL 55 TON ,,,,,,,,,,,,,,,
MANZANILLO,MORELOS,TRACUSA," $63,000.00 "," $84,000.00 ", CHASIS /PLATAFORMA ," 20""/40"" ",30 DIAS ,SENCILLO 23 TON FULL 55 TON , POR CONTENEDOR $4500 MXN ,,,,,,,,,,,,,,
MANZANILLO,QUERETARO,PETRO," $46,000.00 "," $63,000.00 ", CHASIS /PLATAFORMA ," 20""/40"" ",30 DIAS ,SENCILLO 23 TON FULL 55 TON , POR CONTENEDOR $4500 MXN ,,,,20 TON FULL 50TON,"20"" 33.11m3 /40"" 76m3",SENCILLO $4800 FULL $7800,"$1,200 POR CONTENEDOR ",12HORAS,SENCILLO $4500  FULL $5000," $4,500.00 "," $5,000.00 "," $1,800.00 ", $450.00 ,Sencillo $660 Full $750 MXN
MANZANILLO,SAN MIGUEL DE ALLENDE ,PETRO," $46,000.00 "," $61,000.00 ", CHASIS /PLATAFORMA ," 20""/40"" ",30 DIAS ,SENCILLO 23 TON FULL 55 TON , POR CONTENEDOR $4500 MXN ,,,,20 TON FULL 50TON,"20"" 33.11m3 /40"" 76m3",SENCILLO $4800 FULL $7800,"$1,200 POR CONTENEDOR ",12HORAS,SENCILLO $4500  FULL $5000," $4,500.00 "," $5,000.00 "," $1,800.00 ", $450.00 ,Sencillo $660 Full $750 MXN
MANZANILLO,AGUASCALIENTES ,PETRO," $41,000.00 "," $63,000.00 ", CHASIS /PLATAFORMA ," 20""/40"" ",30 DIAS ,SENCILLO 23 TON FULL 55 TON , POR CONTENEDOR $4500 MXN ,,,,20 TON FULL 50TON,"20"" 33.11m3 /40"" 76m3",SENCILLO $4800 FULL $7800,"$1,200 POR CONTENEDOR ",12HORAS,SENCILLO $4500  FULL $5000," $4,500.00 "," $5,000.00 "," $1,800.00 ", $450.00 ,Sencillo $660 Full $750 MXN
MANZANILLO,CDMX EDOMEX,PETRO," $56,000.00 "," $83,000.00 ", CHASIS /PLATAFORMA ," 20""/40"" ",30 DIAS ,SENCILLO 23 TON FULL 55 TON , POR CONTENEDOR $4500 MXN ,,,,20 TON FULL 50TON,"20"" 33.11m3 /40"" 76m3",SENCILLO $4800 FULL $7800,"$1,200 POR CONTENEDOR ",12HORAS,SENCILLO $4500  FULL $5000," $4,500.00 "," $5,000.00 "," $1,800.00 ", $450.00 ,Sencillo $660 Full $750 MXN
MANZANILLO,SAN LUIS POTOSI,PETRO," $45,000.00 "," $63,000.00 ", CHASIS /PLATAFORMA ," 20""/40"" ",30 DIAS ,SENCILLO 23 TON FULL 55 TON , POR CONTENEDOR $4500 MXN ,,,,,,,,,,,,,,
MANZANILLO,JALISCO/GUADALAJARA/ ZAPOPAN,PETRO," $29,000.00 "," $41,000.00 ", CHASIS /PLATAFORMA ," 20""/40"" ",30 DIAS ,SENCILLO 23 TON FULL 55 TON , POR CONTENEDOR $4500 MXN ,,,,,,,,,,,,,,
MANZANILLO,PUEBLA,PETRO," $62,500.00 "," $83,000.00 ", CHASIS /PLATAFORMA ," 20""/40"" ",30 DIAS ,SENCILLO 23 TON FULL 55 TON , POR CONTENEDOR $4500 MXN ,,,,,,,,,,,,,,
MANZANILLO,TORREON,PETRO," $62,000.00 "," $84,000.00 ", CHASIS /PLATAFORMA ," 20""/40"" ",30 DIAS ,SENCILLO 23 TON FULL 55 TON , POR CONTENEDOR $4500 MXN ,,,,,,,,,,,,,,
MANZANILLO,SALTILLO,PETRO," $63,000.00 "," $84,000.00 ", CHASIS /PLATAFORMA ," 20""/40"" ",30 DIAS ,SENCILLO 23 TON FULL 55 TON , POR CONTENEDOR $4500 MXN ,,,,,,,,,,,,,,
MANZANILLO,LEON/SILAO /IRAPUATO,PETRO," $43,000.00 "," $60,000.00 ", CHASIS /PLATAFORMA ," 20""/40"" ",30 DIAS ,SENCILLO 23 TON FULL 55 TON , POR CONTENEDOR $4500 MXN ,,,,,,,,,,,,,,
MANZANILLO,TLAXCALA,PETRO," $63,000.00 "," $83,000.00 ", CHASIS /PLATAFORMA ," 20""/40"" ",30 DIAS ,SENCILLO 23 TON FULL 55 TON , POR CONTENEDOR $4500 MXN ,,,,,,,,,,,,,,
MANZANILLO,PANTACO ,PETRO," $62,000.00 "," $85,000.00 ", CHASIS /PLATAFORMA ," 20""/40"" ",30 DIAS ,SENCILLO 23 TON FULL 55 TON , POR CONTENEDOR $4500 MXN ,,,,,,,,,,,,,,
MANZANILLO,CELAYA,PETRO," $43,000.00 "," $63,000.00 ", CHASIS /PLATAFORMA ," 20""/40"" ",30 DIAS ,SENCILLO 23 TON FULL 55 TON , POR CONTENEDOR $4500 MXN ,,,,,,,,,,,,,,
MANZANILLO ,RAMOS ARIZPE,PETRO," $62,000.00 "," $84,000.00 ", CHASIS /PLATAFORMA ," 20""/40"" ",30 DIAS ,SENCILLO 23 TON FULL 55 TON , POR CONTENEDOR $4500 MXN ,,,,,,,,,,,,,,
MANZANILLO,TEPEJI DEL RIO,PETRO," $49,000.00 "," $65,000.00 ", CHASIS /PLATAFORMA ," 20""/40"" ",30 DIAS ,SENCILLO 23 TON FULL 55 TON , POR CONTENEDOR $4500 MXN ,,,,,,,,,,,,,,
MANZANILLO,TEPOTZOTLAN,PETRO," $55,000.00 "," $83,000.00 ", CHASIS /PLATAFORMA ," 20""/40"" ",30 DIAS ,SENCILLO 23 TON FULL 55 TON , POR CONTENEDOR $4500 MXN ,,,,,,,,,,,,,,
MANZANILLO,NUEVO LAREDO ,PETRO," $96,000.00 "," $135,000.00 ", CHASIS /PLATAFORMA ," 20""/40"" ",30 DIAS ,SENCILLO 23 TON FULL 55 TON , POR CONTENEDOR $4500 MXN ,,,,,,,,,,,,,,
MANZANILLO,SAN JUAN DEL RIO ,PETRO," $47,000.00 "," $65,000.00 ", CHASIS /PLATAFORMA ," 20""/40"" ",30 DIAS ,SENCILLO 23 TON FULL 55 TON , POR CONTENEDOR $4500 MXN ,,,,,,,,,,,,,,
MANZANILLO,APODACA,ZARAGOZA," $63,000.00 "," $85,000.00 ", CHASIS /PLATAFORMA ," 20""/40"" ",30 DIAS ,SENCILLO 23 TON FULL 55 TON , POR CONTENEDOR $4500 MXN ,,,,,,,,,,,,,,
MANZANILLO,QUERETARO,ZARAGOZA," $46,000.00 "," $63,000.00 ", CHASIS /PLATAFORMA ," 20""/40"" ",30 DIAS ,SENCILLO 23 TON FULL 55 TON , POR CONTENEDOR $4500 MXN ,,,,,,,,,,,,,,
MANZANILLO,SAN MIGUEL DE ALLENDE ,ZARAGOZA," $46,000.00 "," $61,000.00 ", CHASIS /PLATAFORMA ," 20""/40"" ",30 DIAS ,SENCILLO 23 TON FULL 55 TON , POR CONTENEDOR $4500 MXN ,,,,,,,,,,,,,,
MANZANILLO,AGUASCALIENTES ,ZARAGOZA," $41,000.00 "," $63,000.00 ", CHASIS /PLATAFORMA ," 20""/40"" ",30 DIAS ,SENCILLO 23 TON FULL 55 TON , POR CONTENEDOR $4500 MXN ,,,,,,,,,,,,,,
MANZANILLO,CDMX EDOMEX,ZARAGOZA," $56,000.00 "," $83,000.00 ", CHASIS /PLATAFORMA ," 20""/40"" ",30 DIAS ,SENCILLO 23 TON FULL 55 TON , POR CONTENEDOR $4500 MXN ,,,,,,,,,,,,,,
MANZANILLO,SAN LUIS POTOSI,ZARAGOZA," $45,000.00 "," $63,000.00 ", CHASIS /PLATAFORMA ," 20""/40"" ",30 DIAS ,SENCILLO 23 TON FULL 55 TON , POR CONTENEDOR $4500 MXN ,,,,,,,,,,,,,,
MANZANILLO,JALISCO/GUADALAJARA/ ZAPOPAN,ZARAGOZA," $29,000.00 "," $41,000.00 ", CHASIS /PLATAFORMA ," 20""/40"" ",30 DIAS ,SENCILLO 23 TON FULL 55 TON , POR CONTENEDOR $4500 MXN ,,,,,,,,,,,,,,
MANZANILLO,PUEBLA,ZARAGOZA," $62,500.00 "," $83,000.00 ", CHASIS /PLATAFORMA ," 20""/40"" ",30 DIAS ,SENCILLO 23 TON FULL 55 TON , POR CONTENEDOR $4500 MXN ,,,,,,,,,,,,,,
MANZANILLO,TORREON,ZARAGOZA," $62,000.00 "," $84,000.00 ", CHASIS /PLATAFORMA ," 20""/40"" ",30 DIAS ,SENCILLO 23 TON FULL 55 TON , POR CONTENEDOR $4500 MXN ,,,,,,,,,,,,,,
MANZANILLO,SALTILLO,ZARAGOZA," $63,000.00 "," $84,000.00 ", CHASIS /PLATAFORMA ," 20""/40"" ",30 DIAS ,SENCILLO 23 TON FULL 55 TON , POR CONTENEDOR $4500 MXN ,,,,,,,,,,,,,,
MANZANILLO,LEON/SILAO /IRAPUATO,ZARAGOZA," $43,000.00 "," $60,000.00 ", CHASIS /PLATAFORMA ," 20""/40"" ",30 DIAS ,SENCILLO 23 TON FULL 55 TON , POR CONTENEDOR $4500 MXN ,,,,,,,,,,,,,,
MANZANILLO,TLAXCALA,ZARAGOZA," $63,000.00 "," $83,000.00 ", CHASIS /PLATAFORMA ," 20""/40"" ",30 DIAS ,SENCILLO 23 TON FULL 55 TON , POR CONTENEDOR $4500 MXN ,,,,,,,,,,,,,,
MANZANILLO,PANTACO ,ZARAGOZA," $62,000.00 "," $85,000.00 ", CHASIS /PLATAFORMA ," 20""/40"" ",30 DIAS ,SENCILLO 23 TON FULL 55 TON , POR CONTENEDOR $4500 MXN ,,,,,,,,,,,,,,
MANZANILLO,CELAYA,ZARAGOZA," $43,000.00 "," $63,000.00 ", CHASIS /PLATAFORMA ," 20""/40"" ",30 DIAS ,SENCILLO 23 TON FULL 55 TON , POR CONTENEDOR $4500 MXN ,,,,,,,,,,,,,,
MANZANILLO ,RAMOS ARIZPE,ZARAGOZA," $62,000.00 "," $84,000.00 ", CHASIS /PLATAFORMA ," 20""/40"" ",30 DIAS ,SENCILLO 23 TON FULL 55 TON , POR CONTENEDOR $4500 MXN ,,,,,,,,,,,,,,
MANZANILLO,TEPEJI DEL RIO,ZARAGOZA," $49,000.00 "," $65,000.00 ", CHASIS /PLATAFORMA ," 20""/40"" ",30 DIAS ,SENCILLO 23 TON FULL 55 TON , POR CONTENEDOR $4500 MXN ,,,,,,,,,,,,,,
MANZANILLO,TEPOTZOTLAN,ZARAGOZA," $55,000.00 "," $83,000.00 ", CHASIS /PLATAFORMA ," 20""/40"" ",30 DIAS ,SENCILLO 23 TON FULL 55 TON , POR CONTENEDOR $4500 MXN ,,,,,,,,,,,,,,
MANZANILLO,NUEVO LAREDO ,ZARAGOZA," $98,000.00 "," $130,000.00 ", CHASIS /PLATAFORMA ," 20""/40"" ",30 DIAS ,SENCILLO 23 TON FULL 55 TON , POR CONTENEDOR $4500 MXN ,,,,,,,,,,,,,,
MANZANILLO,SAN JUAN DEL RIO ,ZARAGOZA," $47,000.00 "," $65,000.00 ", CHASIS /PLATAFORMA ," 20""/40"" ",30 DIAS ,SENCILLO 23 TON FULL 55 TON , POR CONTENEDOR $4500 MXN ,,,,,,,,,,,,,,
MANZANILLO,MORELOS,ZARAGOZA," $63,000.00 "," $84,000.00 ", CHASIS /PLATAFORMA ," 20""/40"" ",30 DIAS ,SENCILLO 23 TON FULL 55 TON , POR CONTENEDOR $4500 MXN ,,,,,,,,,,,,,,
MANZANILLO,QUERETARO,ALCHAREY," $46,000.00 "," $63,000.00 ", CHASIS /PLATAFORMA ," 20""/40"" ",30 DIAS ,SENCILLO 23 TON FULL 55 TON , POR CONTENEDOR $4500 MXN ,,,,,,,,,,,,,,
MANZANILLO,SAN MIGUEL DE ALLENDE ,ALCHAREY," $46,000.00 "," $61,000.00 ", CHASIS /PLATAFORMA ," 20""/40"" ",30 DIAS ,SENCILLO 23 TON FULL 55 TON , POR CONTENEDOR $4500 MXN ,,,,,,,,,,,,,,
MANZANILLO,AGUASCALIENTES ,ALCHAREY," $41,000.00 "," $63,000.00 ", CHASIS /PLATAFORMA ," 20""/40"" ",30 DIAS ,SENCILLO 23 TON FULL 55 TON , POR CONTENEDOR $4500 MXN ,,,,,,,,,,,,,,
MANZANILLO,CDMX EDOMEX,ALCHAREY," $56,000.00 "," $83,000.00 ", CHASIS /PLATAFORMA ," 20""/40"" ",30 DIAS ,SENCILLO 23 TON FULL 55 TON , POR CONTENEDOR $4500 MXN ,,,,,,,,,,,,,,
MANZANILLO,SAN LUIS POTOSI,ALCHAREY," $45,000.00 "," $63,000.00 ", CHASIS /PLATAFORMA ," 20""/40"" ",30 DIAS ,SENCILLO 23 TON FULL 55 TON , POR CONTENEDOR $4500 MXN ,,,,,,,,,,,,,,
MANZANILLO,JALISCO/GUADALAJARA/ ZAPOPAN,ALCHAREY," $29,000.00 "," $41,000.00 ", CHASIS /PLATAFORMA ," 20""/40"" ",30 DIAS ,SENCILLO 23 TON FULL 55 TON , POR CONTENEDOR $4500 MXN ,,,,,,,,,,,,,,
MANZANILLO,PUEBLA,ALCHAREY," $62,500.00 "," $83,000.00 ", CHASIS /PLATAFORMA ," 20""/40"" ",30 DIAS ,SENCILLO 23 TON FULL 55 TON , POR CONTENEDOR $4500 MXN ,,,,,,,,,,,,,,
MANZANILLO,TORREON,ALCHAREY," $62,000.00 "," $84,000.00 ", CHASIS /PLATAFORMA ," 20""/40"" ",30 DIAS ,SENCILLO 23 TON FULL 55 TON , POR CONTENEDOR $4500 MXN ,,,,,,,,,,,,,,
MANZANILLO,SALTILLO,ALCHAREY," $63,000.00 "," $84,000.00 ", CHASIS /PLATAFORMA ," 20""/40"" ",30 DIAS ,SENCILLO 23 TON FULL 55 TON , POR CONTENEDOR $4500 MXN ,,,,,,,,,,,,,,
MANZANILLO,LEON/SILAO /IRAPUATO,ALCHAREY," $43,000.00 "," $60,000.00 ", CHASIS /PLATAFORMA ," 20""/40"" ",30 DIAS ,SENCILLO 23 TON FULL 55 TON , POR CONTENEDOR $4500 MXN ,,,,,,,,,,,,,,
MANZANILLO,TLAXCALA,ALCHAREY," $63,000.00 "," $83,000.00 ", CHASIS /PLATAFORMA ," 20""/40"" ",30 DIAS ,SENCILLO 23 TON FULL 55 TON , POR CONTENEDOR $4500 MXN ,,,,,,,,,,,,,,
MANZANILLO,PANTACO ,ALCHAREY," $62,000.00 "," $85,000.00 ", CHASIS /PLATAFORMA ," 20""/40"" ",30 DIAS ,SENCILLO 23 TON FULL 55 TON , POR CONTENEDOR $4500 MXN ,,,,,,,,,,,,,,
MANZANILLO,CELAYA,ALCHAREY," $43,000.00 "," $63,000.00 ", CHASIS /PLATAFORMA ," 20""/40"" ",30 DIAS ,SENCILLO 23 TON FULL 55 TON , POR CONTENEDOR $4500 MXN ,,,,,,,,,,,,,,
MANZANILLO ,RAMOS ARIZPE,ALCHAREY," $62,000.00 "," $84,000.00 ", CHASIS /PLATAFORMA ," 20""/40"" ",30 DIAS ,SENCILLO 23 TON FULL 55 TON , POR CONTENEDOR $4500 MXN ,,,,,,,,,,,,,,
MANZANILLO,TEPEJI DEL RIO,ALCHAREY," $49,000.00 "," $65,000.00 ", CHASIS /PLATAFORMA ," 20""/40"" ",30 DIAS ,SENCILLO 23 TON FULL 55 TON , POR CONTENEDOR $4500 MXN ,,,,,,,,,,,,,,
MANZANILLO,TEPOTZOTLAN,ALCHAREY," $55,000.00 "," $83,000.00 ", CHASIS /PLATAFORMA ," 20""/40"" ",30 DIAS ,SENCILLO 23 TON FULL 55 TON , POR CONTENEDOR $4500 MXN ,,,,,,,,,,,,,,
MANZANILLO,NUEVO LAREDO ,ALCHAREY," $96,000.00 "," $135,000.00 ", CHASIS /PLATAFORMA ," 20""/40"" ",30 DIAS ,SENCILLO 23 TON FULL 55 TON , POR CONTENEDOR $4500 MXN ,,,,,,,,,,,,,,
MANZANILLO,SAN JUAN DEL RIO ,ALCHAREY," $47,000.00 "," $65,000.00 ", CHASIS /PLATAFORMA ," 20""/40"" ",30 DIAS ,SENCILLO 23 TON FULL 55 TON , POR CONTENEDOR $4500 MXN ,,,,,,,,,,,,,,
MANZANILLO,APODACA,TRANSPORTES H," $63,000.00 "," $85,000.00 ", CHASIS /PLATAFORMA ," 20""/40"" ",30 DIAS ,SENCILLO 23 TON FULL 55 TON , POR CONTENEDOR $4500 MXN ,,,,,,,,,,,,,,
MANZANILLO,QUERETARO,TRANSPORTES H," $46,000.00 "," $63,000.00 ", CHASIS /PLATAFORMA ," 20""/40"" ",30 DIAS ,SENCILLO 23 TON FULL 55 TON , POR CONTENEDOR $4500 MXN ,,,,,,,,,,,,,,
MANZANILLO,SAN MIGUEL DE ALLENDE ,TRANSPORTES H," $46,000.00 "," $61,000.00 ", CHASIS /PLATAFORMA ," 20""/40"" ",30 DIAS ,SENCILLO 23 TON FULL 55 TON , POR CONTENEDOR $4500 MXN ,,,,,,,,,,,,,,
MANZANILLO,AGUASCALIENTES ,TRANSPORTES H," $41,000.00 "," $63,000.00 ", CHASIS /PLATAFORMA ," 20""/40"" ",30 DIAS ,SENCILLO 23 TON FULL 55 TON , POR CONTENEDOR $4500 MXN ,,,,,,,,,,,,,,
MANZANILLO,CDMX EDOMEX,TRANSPORTES H," $56,000.00 "," $83,000.00 ", CHASIS /PLATAFORMA ," 20""/40"" ",30 DIAS ,SENCILLO 23 TON FULL 55 TON , POR CONTENEDOR $4500 MXN ,,,,,,,,,,,,,,
MANZANILLO,SAN LUIS POTOSI,TRANSPORTES H," $45,000.00 "," $63,000.00 ", CHASIS /PLATAFORMA ," 20""/40"" ",30 DIAS ,SENCILLO 23 TON FULL 55 TON , POR CONTENEDOR $4500 MXN ,,,,,,,,,,,,,,
MANZANILLO,JALISCO/GUADALAJARA/ ZAPOPAN,TRANSPORTES H," $29,000.00 "," $41,000.00 ", CHASIS /PLATAFORMA ," 20""/40"" ",30 DIAS ,SENCILLO 23 TON FULL 55 TON , POR CONTENEDOR $4500 MXN ,,,,,,,,,,,,,,
MANZANILLO,PUEBLA,TRANSPORTES H," $62,500.00 "," $83,000.00 ", CHASIS /PLATAFORMA ," 20""/40"" ",30 DIAS ,SENCILLO 23 TON FULL 55 TON , POR CONTENEDOR $4500 MXN ,,,,,,,,,,,,,,
MANZANILLO,TORREON,TRANSPORTES H," $62,000.00 "," $84,000.00 ", CHASIS /PLATAFORMA ," 20""/40"" ",30 DIAS ,SENCILLO 23 TON FULL 55 TON , POR CONTENEDOR $4500 MXN ,,,,,,,,,,,,,,
MANZANILLO,SALTILLO,TRANSPORTES H," $63,000.00 "," $84,000.00 ", CHASIS /PLATAFORMA ," 20""/40"" ",30 DIAS ,SENCILLO 23 TON FULL 55 TON , POR CONTENEDOR $4500 MXN ,,,,,,,,,,,,,,
MANZANILLO,LEON/SILAO /IRAPUATO,TRANSPORTES H," $43,000.00 "," $60,000.00 ", CHASIS /PLATAFORMA ," 20""/40"" ",30 DIAS ,SENCILLO 23 TON FULL 55 TON , POR CONTENEDOR $4500 MXN ,,,,,,,,,,,,,,
MANZANILLO,TLAXCALA,TRANSPORTES H," $63,000.00 "," $83,000.00 ", CHASIS /PLATAFORMA ," 20""/40"" ",30 DIAS ,SENCILLO 23 TON FULL 55 TON , POR CONTENEDOR $4500 MXN ,,,,,,,,,,,,,,
MANZANILLO,PANTACO ,TRANSPORTES H," $62,000.00 "," $85,000.00 ", CHASIS /PLATAFORMA ," 20""/40"" ",30 DIAS ,SENCILLO 23 TON FULL 55 TON , POR CONTENEDOR $4500 MXN ,,,,,,,,,,,,,,
MANZANILLO,CELAYA,TRANSPORTES H," $43,000.00 "," $63,000.00 ", CHASIS /PLATAFORMA ," 20""/40"" ",30 DIAS ,SENCILLO 23 TON FULL 55 TON , POR CONTENEDOR $4500 MXN ,,,,,,,,,,,,,,
MANZANILLO ,RAMOS ARIZPE,TRANSPORTES H," $62,000.00 "," $84,000.00 ", CHASIS /PLATAFORMA ," 20""/40"" ",30 DIAS ,SENCILLO 23 TON FULL 55 TON , POR CONTENEDOR $4500 MXN ,,,,,,,,,,,,,,
MANZANILLO,TEPEJI DEL RIO,TRANSPORTES H," $49,000.00 "," $65,000.00 ", CHASIS /PLATAFORMA ," 20""/40"" ",30 DIAS ,SENCILLO 23 TON FULL 55 TON , POR CONTENEDOR $4500 MXN ,,,,,,,,,,,,,,
MANZANILLO,TEPOTZOTLAN,TRANSPORTES H," $55,000.00 "," $83,000.00 ", CHASIS /PLATAFORMA ," 20""/40"" ",30 DIAS ,SENCILLO 23 TON FULL 55 TON , POR CONTENEDOR $4500 MXN ,,,,,,,,,,,,,,
MANZANILLO,NUEVO LAREDO ,TRANSPORTES H," $93,000.00 "," $127,000.00 ", CHASIS /PLATAFORMA ," 20""/40"" ",30 DIAS ,SENCILLO 23 TON FULL 55 TON , POR CONTENEDOR $4500 MXN ,,,,,,,,,,,,,,
MANZANILLO,SAN JUAN DEL RIO ,TRANSPORTES H," $47,000.00 "," $65,000.00 ", CHASIS /PLATAFORMA ," 20""/40"" ",30 DIAS ,SENCILLO 23 TON FULL 55 TON , POR CONTENEDOR $4500 MXN ,,,,,,,,,,,,,,
MANZANILLO,MORELOS,TRANSPORTES H," $63,000.00 "," $84,000.00 ", CHASIS /PLATAFORMA ," 20""/40"" ",30 DIAS ,SENCILLO 23 TON FULL 55 TON ,,,,,,,,,,,,,,,
